,leaves,levels,rank,splits,taxa
0,2,3,O,1,STRUTHIONIFORMES
1,5,4,O,1,STRUTHIONIFORMES
2,2,3,O,1,RHEIFORMES
3,8,4,O,1,RHEIFORMES
4,5,3,O,1,APTERYGIFORMES
5,6,4,O,1,APTERYGIFORMES
6,4,3,O,1,CASUARIIFORMES
7,8,4,O,1,CASUARIIFORMES
8,46,3,O,1,TINAMIFORMES
9,148,4,O,1,TINAMIFORMES
10,177,3,O,3,ANSERIFORMES
11,248,4,O,3,ANSERIFORMES
12,300,3,O,5,GALLIFORMES
13,820,4,O,5,GALLIFORMES
14,5,3,O,1,GAVIIFORMES
15,6,4,O,1,GAVIIFORMES
16,18,3,O,1,SPHENISCIFORMES
17,25,4,O,1,SPHENISCIFORMES
18,147,3,O,4,PROCELLARIIFORMES
19,193,4,O,4,PROCELLARIIFORMES
20,23,3,O,1,PODICIPEDIFORMES
21,54,4,O,1,PODICIPEDIFORMES
22,6,3,O,1,PHOENICOPTERIFORMES
23,6,4,O,1,PHOENICOPTERIFORMES
24,3,3,O,1,PHAETHONTIFORMES
25,13,4,O,1,PHAETHONTIFORMES
26,19,3,O,1,CICONIIFORMES
27,24,4,O,1,CICONIIFORMES
28,118,3,O,5,PELECANIFORMES
29,213,4,O,5,PELECANIFORMES
30,61,3,O,4,SULIFORMES
31,98,4,O,4,SULIFORMES
32,266,3,O,4,ACCIPITRIFORMES
33,558,4,O,4,ACCIPITRIFORMES
34,26,3,O,1,OTIDIFORMES
35,44,4,O,1,OTIDIFORMES
36,3,3,O,1,MESITORNITHIFORMES
37,3,4,O,1,MESITORNITHIFORMES
38,2,3,O,1,CARIAMIFORMES
39,2,4,O,1,CARIAMIFORMES
40,2,3,O,2,EURYPYGIFORMES
41,4,4,O,2,EURYPYGIFORMES
42,189,3,O,6,GRUIFORMES
43,362,4,O,6,GRUIFORMES
44,383,3,O,19,CHARADRIIFORMES
45,680,4,O,19,CHARADRIIFORMES
46,16,3,O,1,PTEROCLIFORMES
47,36,4,O,1,PTEROCLIFORMES
48,344,3,O,1,COLUMBIFORMES
49,764,4,O,1,COLUMBIFORMES
50,1,3,O,1,OPISTHOCOMIFORMES
51,1,4,O,1,OPISTHOCOMIFORMES
52,23,3,O,1,MUSOPHAGIFORMES
53,38,4,O,1,MUSOPHAGIFORMES
54,149,3,O,1,CUCULIFORMES
55,291,4,O,1,CUCULIFORMES
56,246,3,O,2,STRIGIFORMES
57,627,4,O,2,STRIGIFORMES
58,122,3,O,4,CAPRIMULGIFORMES
59,264,4,O,4,CAPRIMULGIFORMES
60,483,3,O,4,APODIFORMES
61,1013,4,O,4,APODIFORMES
62,6,3,O,1,COLIIFORMES
63,33,4,O,1,COLIIFORMES
64,43,3,O,1,TROGONIFORMES
65,109,4,O,1,TROGONIFORMES
66,1,3,O,1,LEPTOSOMIFORMES
67,3,4,O,1,LEPTOSOMIFORMES
68,177,3,O,6,CORACIIFORMES
69,453,4,O,6,CORACIIFORMES
70,74,3,O,4,BUCEROTIFORMES
71,114,4,O,4,BUCEROTIFORMES
72,445,3,O,9,PICIFORMES
73,1143,4,O,9,PICIFORMES
74,67,3,O,1,FALCONIFORMES
75,153,4,O,1,FALCONIFORMES
76,398,3,O,4,PSITTACIFORMES
77,769,4,O,4,PSITTACIFORMES
78,6494,3,O,138,PASSERIFORMES
79,16625,4,O,138,PASSERIFORMES
80,2,2,F,1,Struthionidae
81,5,3,F,1,Struthionidae
82,2,2,F,1,Rheidae
83,8,3,F,1,Rheidae
84,5,2,F,1,Apterygidae
85,6,3,F,1,Apterygidae
86,4,2,F,2,Casuariidae
87,8,3,F,2,Casuariidae
88,46,2,F,9,Tinamidae
89,148,3,F,9,Tinamidae
90,3,2,F,2,Anhimidae
91,3,3,F,2,Anhimidae
92,1,2,F,1,Anseranatidae
93,1,3,F,1,Anseranatidae
94,173,2,F,53,Anatidae
95,244,3,F,53,Anatidae
96,21,2,F,7,Megapodiidae
97,40,3,F,7,Megapodiidae
98,55,2,F,11,Cracidae
99,90,3,F,11,Cracidae
100,6,2,F,4,Numididae
101,19,3,F,4,Numididae
102,34,2,F,10,Odontophoridae
103,128,3,F,10,Odontophoridae
104,184,2,F,52,Phasianidae
105,543,3,F,52,Phasianidae
106,5,2,F,1,Gaviidae
107,6,3,F,1,Gaviidae
108,18,2,F,6,Spheniscidae
109,25,3,F,6,Spheniscidae
110,9,2,F,5,Oceanitidae
111,21,3,F,5,Oceanitidae
112,21,2,F,4,Diomedeidae
113,24,3,F,4,Diomedeidae
114,18,2,F,2,Hydrobatidae
115,22,3,F,2,Hydrobatidae
116,99,2,F,16,Procellariidae
117,126,3,F,16,Procellariidae
118,23,2,F,6,Podicipedidae
119,54,3,F,6,Podicipedidae
120,6,2,F,3,Phoenicopteridae
121,6,3,F,3,Phoenicopteridae
122,3,2,F,1,Phaethontidae
123,13,3,F,1,Phaethontidae
124,19,2,F,6,Ciconiidae
125,24,3,F,6,Ciconiidae
126,36,2,F,13,Threskiornithidae
127,50,3,F,13,Threskiornithidae
128,72,2,F,19,Ardeidae
129,148,3,F,19,Ardeidae
130,1,2,F,1,Scopidae
131,2,3,F,1,Scopidae
132,1,2,F,1,Balaenicipitidae
133,1,3,F,1,Balaenicipitidae
134,8,2,F,1,Pelecanidae
135,12,3,F,1,Pelecanidae
136,5,2,F,1,Fregatidae
137,11,3,F,1,Fregatidae
138,10,2,F,3,Sulidae
139,19,3,F,3,Sulidae
140,42,2,F,3,Phalacrocoracidae
141,60,3,F,3,Phalacrocoracidae
142,4,2,F,1,Anhingidae
143,8,3,F,1,Anhingidae
144,7,2,F,5,Cathartidae
145,13,3,F,5,Cathartidae
146,1,2,F,1,Sagittariidae
147,1,3,F,1,Sagittariidae
148,2,2,F,1,Pandionidae
149,4,3,F,1,Pandionidae
150,256,2,F,68,Accipitridae
151,540,3,F,68,Accipitridae
152,26,2,F,11,Otididae
153,44,3,F,11,Otididae
154,3,2,F,2,Mesitornithidae
155,3,3,F,2,Mesitornithidae
156,2,2,F,2,Cariamidae
157,2,3,F,2,Cariamidae
158,1,2,F,1,Rhynochetidae
159,1,3,F,1,Rhynochetidae
160,1,2,F,1,Eurypygidae
161,3,3,F,1,Eurypygidae
162,12,2,F,2,Sarothruridae
163,21,3,F,2,Sarothruridae
164,3,2,F,3,Heliornithidae
165,6,3,F,3,Heliornithidae
166,155,2,F,40,Rallidae
167,301,3,F,40,Rallidae
168,3,2,F,1,Psophiidae
169,7,3,F,1,Psophiidae
170,15,2,F,4,Gruidae
171,23,3,F,4,Gruidae
172,1,2,F,1,Aramidae
173,4,3,F,1,Aramidae
174,17,2,F,2,Turnicidae
175,57,3,F,2,Turnicidae
176,10,2,F,2,Burhinidae
177,21,3,F,2,Burhinidae
178,2,2,F,1,Chionidae
179,5,3,F,1,Chionidae
180,1,2,F,1,Pluvianellidae
181,1,3,F,1,Pluvianellidae
182,12,2,F,1,Haematopodidae
183,17,3,F,1,Haematopodidae
184,1,2,F,1,Dromadidae
185,1,3,F,1,Dromadidae
186,1,2,F,1,Ibidorhynchidae
187,1,3,F,1,Ibidorhynchidae
188,10,2,F,3,Recurvirostridae
189,11,3,F,3,Recurvirostridae
190,67,2,F,11,Charadriidae
191,110,3,F,11,Charadriidae
192,1,2,F,1,Pluvianidae
193,1,3,F,1,Pluvianidae
194,3,2,F,2,Rostratulidae
195,3,3,F,2,Rostratulidae
196,8,2,F,6,Jacanidae
197,13,3,F,6,Jacanidae
198,1,2,F,1,Pedionomidae
199,1,3,F,1,Pedionomidae
200,4,2,F,2,Thinocoridae
201,9,3,F,2,Thinocoridae
202,96,2,F,15,Scolopacidae
203,149,3,F,15,Scolopacidae
204,17,2,F,4,Glareolidae
205,35,3,F,4,Glareolidae
206,100,2,F,22,Laridae
207,191,3,F,22,Laridae
208,7,2,F,1,Stercorariidae
209,10,3,F,1,Stercorariidae
210,25,2,F,11,Alcidae
211,44,3,F,11,Alcidae
212,16,2,F,2,Pteroclidae
213,36,3,F,2,Pteroclidae
214,344,2,F,49,Columbidae
215,764,3,F,49,Columbidae
216,1,2,F,1,Opisthocomidae
217,1,3,F,1,Opisthocomidae
218,23,2,F,6,Musophagidae
219,38,3,F,6,Musophagidae
220,149,2,F,33,Cuculidae
221,291,3,F,33,Cuculidae
222,20,2,F,2,Tytonidae
223,63,3,F,2,Tytonidae
224,226,2,F,26,Strigidae
225,564,3,F,26,Strigidae
226,16,2,F,3,Podargidae
227,28,3,F,3,Podargidae
228,1,2,F,1,Steatornithidae
229,1,3,F,1,Steatornithidae
230,7,2,F,1,Nyctibiidae
231,14,3,F,1,Nyctibiidae
232,98,2,F,20,Caprimulgidae
233,221,3,F,20,Caprimulgidae
234,9,2,F,1,Aegothelidae
235,13,3,F,1,Aegothelidae
236,4,2,F,1,Hemiprocnidae
237,13,3,F,1,Hemiprocnidae
238,113,2,F,19,Apodidae
239,275,3,F,19,Apodidae
240,357,2,F,106,Trochilidae
241,712,3,F,106,Trochilidae
242,6,2,F,2,Coliidae
243,33,3,F,2,Coliidae
244,43,2,F,7,Trogonidae
245,109,3,F,7,Trogonidae
246,1,2,F,1,Leptosomidae
247,3,3,F,1,Leptosomidae
248,12,2,F,2,Coraciidae
249,30,3,F,2,Coraciidae
250,5,2,F,4,Brachypteraciidae
251,5,3,F,4,Brachypteraciidae
252,114,2,F,19,Alcedinidae
253,316,3,F,19,Alcedinidae
254,5,2,F,1,Todidae
255,5,3,F,1,Todidae
256,14,2,F,6,Momotidae
257,45,3,F,6,Momotidae
258,27,2,F,3,Meropidae
259,52,3,F,3,Meropidae
260,4,2,F,1,Upupidae
261,9,3,F,1,Upupidae
262,9,2,F,2,Phoeniculidae
263,24,3,F,2,Phoeniculidae
264,2,2,F,1,Bucorvidae
265,2,3,F,1,Bucorvidae
266,59,2,F,15,Bucerotidae
267,79,3,F,15,Bucerotidae
268,18,2,F,5,Galbulidae
269,37,3,F,5,Galbulidae
270,38,2,F,10,Bucconidae
271,74,3,F,10,Bucconidae
272,15,2,F,2,Capitonidae
273,35,3,F,2,Capitonidae
274,2,2,F,1,Semnornithidae
275,3,3,F,1,Semnornithidae
276,43,2,F,5,Ramphastidae
277,78,3,F,5,Ramphastidae
278,34,2,F,2,Megalaimidae
279,71,3,F,2,Megalaimidae
280,42,2,F,7,Lybiidae
281,111,3,F,7,Lybiidae
282,17,2,F,4,Indicatoridae
283,33,3,F,4,Indicatoridae
284,236,2,F,35,Picidae
285,701,3,F,35,Picidae
286,67,2,F,11,Falconidae
287,153,3,F,11,Falconidae
288,4,2,F,2,Strigopidae
289,5,3,F,2,Strigopidae
290,21,2,F,7,Cacatuidae
291,46,3,F,7,Cacatuidae
292,181,2,F,37,Psittacidae
293,322,3,F,37,Psittacidae
294,192,2,F,48,Psittaculidae
295,396,3,F,48,Psittaculidae
296,4,2,F,3,Acanthisittidae
297,7,3,F,3,Acanthisittidae
298,1,2,F,1,Sapayoidae
299,1,3,F,1,Sapayoidae
300,19,2,F,11,Eurylaimidae
301,51,3,F,11,Eurylaimidae
302,42,2,F,3,Pittidae
303,92,3,F,3,Pittidae
304,314,2,F,69,Furnariidae
305,862,3,F,69,Furnariidae
306,237,2,F,62,Thamnophilidae
307,532,3,F,62,Thamnophilidae
308,12,2,F,2,Formicariidae
309,45,3,F,2,Formicariidae
310,55,2,F,4,Grallariidae
311,129,3,F,4,Grallariidae
312,11,2,F,2,Conopophagidae
313,26,3,F,2,Conopophagidae
314,60,2,F,12,Rhinocryptidae
315,78,3,F,12,Rhinocryptidae
316,5,2,F,1,Melanopareiidae
317,9,3,F,1,Melanopareiidae
318,436,2,F,103,Tyrannidae
319,994,3,F,103,Tyrannidae
320,66,2,F,25,Cotingidae
321,92,3,F,25,Cotingidae
322,53,2,F,17,Pipridae
323,120,3,F,17,Pipridae
324,45,2,F,11,Tityridae
325,138,3,F,11,Tityridae
326,2,2,F,1,Menuridae
327,4,3,F,1,Menuridae
328,2,2,F,1,Atrichornithidae
329,3,3,F,1,Atrichornithidae
330,27,2,F,8,Ptilonorhynchidae
331,39,3,F,8,Ptilonorhynchidae
332,7,2,F,2,Climacteridae
333,16,3,F,2,Climacteridae
334,30,2,F,6,Maluridae
335,72,3,F,6,Maluridae
336,188,2,F,50,Meliphagidae
337,352,3,F,50,Meliphagidae
338,3,2,F,1,Dasyornithidae
339,6,3,F,1,Dasyornithidae
340,4,2,F,1,Pardalotidae
341,12,3,F,1,Pardalotidae
342,66,2,F,15,Acanthizidae
343,187,3,F,15,Acanthizidae
344,5,2,F,2,Pomatostomidae
345,9,3,F,2,Pomatostomidae
346,3,2,F,1,Orthonychidae
347,5,3,F,1,Orthonychidae
348,3,2,F,2,Cnemophilidae
349,5,3,F,2,Cnemophilidae
350,10,2,F,4,Melanocharitidae
351,23,3,F,4,Melanocharitidae
352,2,2,F,2,Paramythiidae
353,3,3,F,2,Paramythiidae
354,5,2,F,3,Callaeidae
355,5,3,F,3,Callaeidae
356,1,2,F,1,Notiomystidae
357,2,3,F,1,Notiomystidae
358,18,2,F,4,Psophodidae
359,41,3,F,4,Psophodidae
360,31,2,F,3,Platysteiridae
361,53,3,F,3,Platysteiridae
362,50,2,F,8,Malaconotidae
363,134,3,F,8,Malaconotidae
364,2,2,F,1,Machaerirhynchidae
365,9,3,F,1,Machaerirhynchidae
366,39,2,F,21,Vangidae
367,79,3,F,21,Vangidae
368,1,2,F,1,Pityriasidae
369,1,3,F,1,Pityriasidae
370,24,2,F,6,Artamidae
371,67,3,F,6,Artamidae
372,1,2,F,1,Rhagologidae
373,2,3,F,1,Rhagologidae
374,4,2,F,1,Aegithinidae
375,17,3,F,1,Aegithinidae
376,93,2,F,11,Campephagidae
377,291,3,F,11,Campephagidae
378,3,2,F,1,Mohouidae
379,3,3,F,1,Mohouidae
380,3,2,F,1,Neosittidae
381,10,3,F,1,Neosittidae
382,1,2,F,1,Eulacestomatidae
383,1,3,F,1,Eulacestomatidae
384,3,2,F,3,Oreoicidae
385,6,3,F,3,Oreoicidae
386,58,2,F,6,Pachycephalidae
387,188,3,F,6,Pachycephalidae
388,33,2,F,4,Laniidae
389,91,3,F,4,Laniidae
390,64,2,F,6,Vireonidae
391,222,3,F,6,Vireonidae
392,38,2,F,4,Oriolidae
393,111,3,F,4,Oriolidae
394,29,2,F,1,Dicruridae
395,109,3,F,1,Dicruridae
396,52,2,F,3,Rhipiduridae
397,145,3,F,3,Rhipiduridae
398,102,2,F,16,Monarchidae
399,264,3,F,16,Monarchidae
400,134,2,F,25,Corvidae
401,350,3,F,25,Corvidae
402,2,2,F,2,Corcoracidae
403,4,3,F,2,Corcoracidae
404,2,2,F,2,Melampittidae
405,2,3,F,2,Melampittidae
406,1,2,F,1,Ifritidae
407,1,3,F,1,Ifritidae
408,43,2,F,16,Paradisaeidae
409,71,3,F,16,Paradisaeidae
410,49,2,F,14,Petroicidae
411,124,3,F,14,Petroicidae
412,2,2,F,1,Picathartidae
413,2,3,F,1,Picathartidae
414,2,2,F,1,Chaetopidae
415,2,3,F,1,Chaetopidae
416,1,2,F,1,Eupetidae
417,2,3,F,1,Eupetidae
418,3,2,F,1,Bombycillidae
419,4,3,F,1,Bombycillidae
420,4,2,F,3,Ptiliogonatidae
421,9,3,F,3,Ptiliogonatidae
422,1,2,F,1,Hypocoliidae
423,1,3,F,1,Hypocoliidae
424,1,2,F,1,Dulidae
425,1,3,F,1,Dulidae
426,5,2,F,2,Mohoidae
427,5,3,F,2,Mohoidae
428,1,2,F,1,Hylocitreidae
429,2,3,F,1,Hylocitreidae
430,9,2,F,4,Stenostiridae
431,24,3,F,4,Stenostiridae
432,64,2,F,14,Paridae
433,250,3,F,14,Paridae
434,11,2,F,3,Remizidae
435,37,3,F,3,Remizidae
436,3,2,F,1,Nicatoridae
437,3,3,F,1,Nicatoridae
438,1,2,F,1,Panuridae
439,3,3,F,1,Panuridae
440,98,2,F,21,Alaudidae
441,401,3,F,21,Alaudidae
442,153,2,F,27,Pycnonotidae
443,352,3,F,27,Pycnonotidae
444,88,2,F,19,Hirundinidae
445,207,3,F,19,Hirundinidae
446,5,2,F,1,Pnoepygidae
447,12,3,F,1,Pnoepygidae
448,18,2,F,6,Macrosphenidae
449,50,3,F,6,Macrosphenidae
450,32,2,F,7,Cettiidae
451,93,3,F,7,Cettiidae
452,1,2,F,1,Scotocercidae
453,8,3,F,1,Scotocercidae
454,3,2,F,1,Erythrocercidae
455,7,3,F,1,Erythrocercidae
456,3,2,F,3,Incertae
457,7,3,F,3,Incertae
458,13,2,F,3,Aegithalidae
459,50,3,F,3,Aegithalidae
460,78,2,F,1,Phylloscopidae
461,177,3,F,1,Phylloscopidae
462,61,2,F,6,Acrocephalidae
463,122,3,F,6,Acrocephalidae
464,63,2,F,11,Locustellidae
465,132,3,F,11,Locustellidae
466,1,2,F,1,Donacobiidae
467,4,3,F,1,Donacobiidae
468,11,2,F,8,Bernieridae
469,15,3,F,8,Bernieridae
470,160,2,F,28,Cisticolidae
471,534,3,F,28,Cisticolidae
472,53,2,F,9,Timaliidae
473,192,3,F,9,Timaliidae
474,70,2,F,15,Pellorneidae
475,211,3,F,15,Pellorneidae
476,135,2,F,16,Leiothrichidae
477,324,3,F,16,Leiothrichidae
478,70,2,F,20,Sylviidae
479,182,3,F,20,Sylviidae
480,139,2,F,14,Zosteropidae
481,296,3,F,14,Zosteropidae
482,3,2,F,3,Modulatricidae
483,6,3,F,3,Modulatricidae
484,2,2,F,1,Promeropidae
485,3,3,F,1,Promeropidae
486,2,2,F,1,Irenidae
487,10,3,F,1,Irenidae
488,6,2,F,1,Regulidae
489,28,3,F,1,Regulidae
490,1,2,F,1,Elachuridae
491,1,3,F,1,Elachuridae
492,4,2,F,1,Hyliotidae
493,8,3,F,1,Hyliotidae
494,88,2,F,19,Troglodytidae
495,400,3,F,19,Troglodytidae
496,19,2,F,3,Polioptilidae
497,69,3,F,3,Polioptilidae
498,28,2,F,1,Sittidae
499,87,3,F,1,Sittidae
500,1,2,F,1,Tichodromidae
501,2,3,F,1,Tichodromidae
502,11,2,F,2,Certhiidae
503,48,3,F,2,Certhiidae
504,34,2,F,10,Mimidae
505,84,3,F,10,Mimidae
506,123,2,F,33,Sturnidae
507,234,3,F,33,Sturnidae
508,2,2,F,1,Buphagidae
509,3,3,F,1,Buphagidae
510,170,2,F,17,Turdidae
511,477,3,F,17,Turdidae
512,328,2,F,51,Muscicapidae
513,796,3,F,51,Muscicapidae
514,5,2,F,1,Cinclidae
515,26,3,F,1,Cinclidae
516,11,2,F,1,Chloropseidae
517,27,3,F,1,Chloropseidae
518,48,2,F,2,Dicaeidae
519,143,3,F,2,Dicaeidae
520,145,2,F,16,Nectariniidae
521,389,3,F,16,Nectariniidae
522,43,2,F,8,Passeridae
523,101,3,F,8,Passeridae
524,117,2,F,15,Ploceidae
525,232,3,F,15,Ploceidae
526,141,2,F,31,Estrildidae
527,314,3,F,31,Estrildidae
528,20,2,F,2,Viduidae
529,27,3,F,2,Viduidae
530,1,2,F,1,Peucedramidae
531,5,3,F,1,Peucedramidae
532,13,2,F,1,Prunellidae
533,36,3,F,1,Prunellidae
534,68,2,F,5,Motacillidae
535,187,3,F,5,Motacillidae
536,1,2,F,1,Urocynchramidae
537,1,3,F,1,Urocynchramidae
538,228,2,F,50,Fringillidae
539,528,3,F,50,Fringillidae
540,6,2,F,3,Calcariidae
541,13,3,F,3,Calcariidae
542,1,2,F,1,Rhodinocichlidae
543,5,3,F,1,Rhodinocichlidae
544,44,2,F,1,Emberizidae
545,117,3,F,1,Emberizidae
546,136,2,F,28,Passerellidae
547,484,3,F,28,Passerellidae
548,2,2,F,1,Calyptophilidae
549,4,3,F,1,Calyptophilidae
550,4,2,F,3,Phaenicophilidae
551,7,3,F,3,Phaenicophilidae
552,1,2,F,1,Nesospingidae
553,1,3,F,1,Nesospingidae
554,4,2,F,1,Spindalidae
555,8,3,F,1,Spindalidae
556,1,2,F,1,Zeledoniidae
557,1,3,F,1,Zeledoniidae
558,2,2,F,1,Teretistridae
559,3,3,F,1,Teretistridae
560,1,2,F,1,Icteriidae
561,2,3,F,1,Icteriidae
562,109,2,F,30,Icteridae
563,264,3,F,30,Icteridae
564,119,2,F,18,Parulidae
565,306,3,F,18,Parulidae
566,4,2,F,3,Mitrospingidae
567,6,3,F,3,Mitrospingidae
568,53,2,F,14,Cardinalidae
569,155,3,F,14,Cardinalidae
570,383,2,F,95,Thraupidae
571,941,3,F,95,Thraupidae
573,5,2,G,2,Struthio
575,8,2,G,2,Rhea
577,6,2,G,5,Apteryx
579,4,2,G,3,Casuarius
581,4,2,G,1,Dromaius
583,20,2,G,5,Tinamus
585,8,2,G,3,Nothocercus
587,67,2,G,21,Crypturellus
589,4,2,G,2,Rhynchotus
591,18,2,G,6,Nothoprocta
593,16,2,G,4,Nothura
595,1,2,G,1,Taoniscus
597,12,2,G,2,Eudromia
599,2,2,G,2,Tinamotis
601,1,2,G,1,Anhima
603,2,2,G,2,Chauna
605,1,2,G,1,Anseranas
607,11,2,G,8,Dendrocygna
609,2,2,G,1,Thalassornis
611,2,2,G,1,Cereopsis
613,17,2,G,6,Branta
615,20,2,G,11,Anser
617,1,2,G,1,Coscoroba
619,7,2,G,6,Cygnus
621,1,2,G,1,Stictonetta
623,1,2,G,1,Hymenolaimus
625,4,2,G,4,Tachyeres
627,6,2,G,1,Merganetta
629,2,2,G,1,Plectropterus
631,2,2,G,2,Sarkidiornis
633,1,2,G,1,Cyanochen
635,3,2,G,3,Alopochen
637,1,2,G,1,Neochen
639,7,2,G,5,Chloephaga
641,2,2,G,1,Radjah
643,6,2,G,6,Tadorna
645,1,2,G,1,Malacorhynchus
647,1,2,G,1,Salvadorina
649,1,2,G,1,Cairina
651,1,2,G,1,Asarcornis
653,1,2,G,1,Pteronetta
655,2,2,G,2,Aix
657,1,2,G,1,Chenonetta
659,4,2,G,3,Nettapus
661,2,2,G,1,Amazonetta
663,1,2,G,1,Callonetta
665,2,2,G,1,Lophonetta
667,1,2,G,1,Speculanas
669,1,2,G,1,Sibirionetta
671,15,2,G,10,Spatula
673,7,2,G,6,Mareca
675,46,2,G,32,Anas
677,1,2,G,1,Marmaronetta
679,1,2,G,1,Rhodonessa
681,4,2,G,3,Netta
683,13,2,G,12,Aythya
685,1,2,G,1,Polysticta
687,8,2,G,3,Somateria
689,1,2,G,1,Histrionicus
691,1,2,G,1,Camptorhynchus
693,6,2,G,5,Melanitta
695,1,2,G,1,Clangula
697,4,2,G,3,Bucephala
699,1,2,G,1,Mergellus
701,1,2,G,1,Lophodytes
703,7,2,G,5,Mergus
705,1,2,G,1,Heteronetta
707,1,2,G,1,Nomonyx
709,7,2,G,6,Oxyura
711,2,2,G,1,Biziura
713,2,2,G,1,Alectura
715,3,2,G,2,Aepypodius
717,4,2,G,3,Talegalla
719,1,2,G,1,Leipoa
721,1,2,G,1,Macrocephalon
723,1,2,G,1,Eulipoa
725,28,2,G,12,Megapodius
727,23,2,G,16,Ortalis
729,32,2,G,15,Penelope
731,6,2,G,4,Pipile
733,1,2,G,1,Aburria
735,6,2,G,2,Chamaepetes
737,1,2,G,1,Penelopina
739,1,2,G,1,Oreophasis
741,1,2,G,1,Nothocrax
743,4,2,G,4,Mitu
745,4,2,G,3,Pauxi
747,11,2,G,7,Crax
749,2,2,G,2,Agelastes
751,9,2,G,1,Numida
753,7,2,G,2,Guttera
755,1,2,G,1,Acryllium
757,5,2,G,2,Ptilopachus
759,9,2,G,3,Dendrortyx
761,5,2,G,1,Oreortyx
763,18,2,G,4,Callipepla
765,1,2,G,1,Philortyx
767,43,2,G,4,Colinus
769,28,2,G,15,Odontophorus
771,11,2,G,1,Dactylortyx
773,5,2,G,2,Cyrtonyx
775,3,2,G,1,Rhynchortyx
777,7,2,G,2,Meleagris
779,13,2,G,1,Bonasa
781,13,2,G,2,Tetrastes
783,7,2,G,2,Falcipennis
785,10,2,G,2,Tetrao
787,7,2,G,2,Lyrurus
789,2,2,G,2,Centrocercus
791,8,2,G,2,Dendragapus
793,11,2,G,3,Tympanuchus
795,44,2,G,3,Lagopus
797,1,2,G,1,Lerwa
799,2,2,G,2,Tetraophasis
801,17,2,G,5,Tetraogallus
803,30,2,G,7,Alectoris
805,5,2,G,2,Ammoperdix
807,15,2,G,5,Francolinus
809,10,2,G,4,Peliperdix
811,18,2,G,7,Scleroptila
813,5,2,G,1,Dendroperdix
815,50,2,G,24,Pternistis
817,13,2,G,3,Perdix
819,2,2,G,2,Rhizothera
821,1,2,G,1,Margaroperdix
823,2,2,G,1,Melanoperdix
825,21,2,G,7,Coturnix
827,7,2,G,2,Excalfactoria
829,1,2,G,1,Anurophasis
831,12,2,G,4,Perdicula
833,1,2,G,1,Ophrysia
835,2,2,G,2,Xenoperdix
837,43,2,G,21,Arborophila
839,3,2,G,1,Caloperdix
841,1,2,G,1,Haematortyx
843,1,2,G,1,Rollulus
845,4,2,G,3,Bambusicola
847,5,2,G,3,Galloperdix
849,12,2,G,1,Ithaginis
851,7,2,G,5,Tragopan
853,9,2,G,1,Pucrasia
855,5,2,G,3,Lophophorus
857,8,2,G,4,Gallus
859,36,2,G,10,Lophura
861,7,2,G,4,Crossoptilon
863,1,2,G,1,Catreus
865,10,2,G,5,Syrmaticus
867,34,2,G,2,Phasianus
869,2,2,G,2,Chrysolophus
871,9,2,G,8,Polyplectron
873,2,2,G,1,Rheinardia
875,2,2,G,1,Argusianus
877,4,2,G,2,Pavo
879,1,2,G,1,Afropavo
881,6,2,G,5,Gavia
883,2,2,G,2,Aptenodytes
885,4,2,G,3,Pygoscelis
887,8,2,G,7,Eudyptes
889,1,2,G,1,Megadyptes
891,6,2,G,1,Eudyptula
893,4,2,G,4,Spheniscus
895,6,2,G,3,Oceanites
897,1,2,G,1,Garrodia
899,6,2,G,1,Pelagodroma
901,7,2,G,3,Fregetta
903,1,2,G,1,Nesofregetta
905,4,2,G,4,Phoebastria
907,7,2,G,6,Diomedea
909,2,2,G,2,Phoebetria
911,11,2,G,9,Thalassarche
913,2,2,G,1,Hydrobates
915,20,2,G,17,Oceanodroma
917,2,2,G,2,Macronectes
919,4,2,G,2,Fulmarus
921,1,2,G,1,Thalassoica
923,2,2,G,1,Daption
925,2,2,G,1,Pagodroma
927,1,2,G,1,Halobaena
929,10,2,G,6,Pachyptila
931,1,2,G,1,Aphrodroma
933,38,2,G,35,Pterodroma
935,6,2,G,5,Pseudobulweria
937,5,2,G,5,Procellaria
939,4,2,G,4,Calonectris
941,7,2,G,7,Ardenna
943,30,2,G,21,Puffinus
945,10,2,G,4,Pelecanoides
947,3,2,G,3,Bulweria
949,23,2,G,6,Tachybaptus
951,4,2,G,2,Podilymbus
953,4,2,G,2,Rollandia
955,2,2,G,2,Poliocephalus
957,17,2,G,9,Podiceps
959,4,2,G,2,Aechmophorus
961,3,2,G,3,Phoenicopterus
963,1,2,G,1,Phoeniconaias
965,2,2,G,2,Phoenicoparrus
967,13,2,G,3,Phaethon
969,4,2,G,4,Mycteria
971,3,2,G,2,Anastomus
973,10,2,G,7,Ciconia
975,3,2,G,2,Ephippiorhynchus
977,1,2,G,1,Jabiru
979,3,2,G,3,Leptoptilos
981,8,2,G,6,Threskiornis
983,3,2,G,3,Pseudibis
985,2,2,G,2,Geronticus
987,1,2,G,1,Nipponia
989,10,2,G,5,Bostrychia
991,5,2,G,4,Theristicus
993,1,2,G,1,Cercibis
995,1,2,G,1,Mesembrinibis
997,3,2,G,1,Phimosus
999,3,2,G,2,Eudocimus
1001,3,2,G,3,Plegadis
1003,2,2,G,1,Lophotibis
1005,8,2,G,6,Platalea
1007,1,2,G,1,Zonerodius
1009,1,2,G,1,Tigriornis
1011,6,2,G,3,Tigrisoma
1013,1,2,G,1,Agamia
1015,5,2,G,1,Cochlearius
1017,1,2,G,1,Zebrilus
1019,6,2,G,4,Botaurus
1021,16,2,G,9,Ixobrychus
1023,3,2,G,1,Dupetor
1025,4,2,G,4,Gorsachius
1027,14,2,G,6,Nycticorax
1029,6,2,G,2,Nyctanassa
1031,26,2,G,3,Butorides
1033,7,2,G,6,Ardeola
1035,2,2,G,2,Bubulcus
1037,27,2,G,12,Ardea
1039,1,2,G,1,Pilherodius
1041,2,2,G,1,Syrigma
1043,19,2,G,13,Egretta
1045,2,2,G,1,Scopus
1047,1,2,G,1,Balaeniceps
1049,12,2,G,8,Pelecanus
1051,11,2,G,5,Fregata
1053,3,2,G,3,Morus
1055,1,2,G,1,Papasula
1057,15,2,G,6,Sula
1059,8,2,G,5,Microcarbo
1061,36,2,G,22,Phalacrocorax
1063,16,2,G,15,Leucocarbo
1065,8,2,G,4,Anhinga
1067,9,2,G,3,Cathartes
1069,1,2,G,1,Coragyps
1071,1,2,G,1,Sarcoramphus
1073,1,2,G,1,Gymnogyps
1075,1,2,G,1,Vultur
1077,1,2,G,1,Sagittarius
1079,4,2,G,2,Pandion
1081,7,2,G,4,Elanus
1083,3,2,G,1,Gampsonyx
1085,1,2,G,1,Chelictinia
1087,3,2,G,2,Polyboroides
1089,1,2,G,1,Gypohierax
1091,2,2,G,1,Gypaetus
1093,3,2,G,1,Neophron
1095,1,2,G,1,Eutriorchis
1097,3,2,G,2,Leptodon
1099,3,2,G,2,Chondrohierax
1101,10,2,G,4,Pernis
1103,2,2,G,1,Elanoides
1105,1,2,G,1,Lophoictinia
1107,1,2,G,1,Hamirostra
1109,25,2,G,5,Aviceda
1111,2,2,G,2,Henicopernis
1113,1,2,G,1,Necrosyrtes
1115,10,2,G,8,Gyps
1117,1,2,G,1,Sarcogyps
1119,1,2,G,1,Trigonoceps
1121,1,2,G,1,Aegypius
1123,2,2,G,1,Torgos
1125,27,2,G,6,Spilornis
1127,1,2,G,1,Pithecophaga
1129,9,2,G,7,Circaetus
1131,1,2,G,1,Terathopius
1133,3,2,G,1,Macheiramphus
1135,1,2,G,1,Harpyopsis
1137,1,2,G,1,Morphnus
1139,1,2,G,1,Harpia
1141,16,2,G,10,Nisaetus
1143,6,2,G,4,Spizaetus
1145,1,2,G,1,Stephanoaetus
1147,2,2,G,1,Lophotriorchis
1149,1,2,G,1,Polemaetus
1151,1,2,G,1,Lophaetus
1153,2,2,G,1,Ictinaetus
1155,3,2,G,3,Clanga
1157,5,2,G,5,Hieraaetus
1159,21,2,G,11,Aquila
1161,3,2,G,2,Harpagus
1163,2,2,G,1,Kaupifalco
1165,3,2,G,1,Micronisus
1167,7,2,G,3,Melierax
1169,1,2,G,1,Urotriorchis
1171,2,2,G,2,Erythrotriorchis
1173,1,2,G,1,Megatriorchis
1175,158,2,G,51,Accipiter
1177,17,2,G,16,Circus
1179,9,2,G,3,Milvus
1181,5,2,G,2,Haliastur
1183,13,2,G,10,Haliaeetus
1185,4,2,G,4,Butastur
1187,2,2,G,2,Ictinia
1189,2,2,G,1,Busarellus
1191,4,2,G,1,Rostrhamus
1193,1,2,G,1,Helicolestes
1195,6,2,G,1,Geranospiza
1197,1,2,G,1,Cryptoleucopteryx
1199,15,2,G,9,Buteogallus
1201,1,2,G,1,Morphnarchus
1203,12,2,G,1,Rupornis
1205,3,2,G,2,Parabuteo
1207,9,2,G,3,Geranoaetus
1209,6,2,G,3,Pseudastur
1211,3,2,G,3,Leucopternis
1213,1,2,G,1,Bermuteo
1215,63,2,G,29,Buteo
1217,2,2,G,1,Otis
1219,8,2,G,4,Ardeotis
1221,3,2,G,2,Chlamydotis
1223,6,2,G,4,Neotis
1225,11,2,G,5,Eupodotis
1227,3,2,G,3,Lophotis
1229,4,2,G,2,Afrotis
1231,3,2,G,2,Lissotis
1233,2,2,G,1,Houbaropsis
1235,1,2,G,1,Sypheotides
1237,1,2,G,1,Tetrax
1239,2,2,G,2,Mesitornis
1241,1,2,G,1,Monias
1243,1,2,G,1,Cariama
1245,1,2,G,1,Chunga
1247,1,2,G,1,Rhynochetos
1249,3,2,G,1,Eurypyga
1251,4,2,G,3,Canirallus
1253,17,2,G,9,Sarothrura
1255,4,2,G,1,Podica
1257,1,2,G,1,Heliopais
1259,1,2,G,1,Heliornis
1261,1,2,G,1,Himantornis
1263,4,2,G,3,Coturnicops
1265,2,2,G,1,Micropygia
1267,7,2,G,4,Rallicula
1269,10,2,G,4,Rallina
1271,2,2,G,1,Anurolimnas
1273,19,2,G,11,Laterallus
1275,4,2,G,2,Nesoclopeus
1277,46,2,G,15,Gallirallus
1279,1,2,G,1,Diaphorapteryx
1281,37,2,G,14,Rallus
1283,8,2,G,3,Lewinia
1285,4,2,G,2,Dryolimnas
1287,1,2,G,1,Aphanapteryx
1289,1,2,G,1,Erythromachus
1291,2,2,G,2,Crex
1293,1,2,G,1,Rougetius
1295,1,2,G,1,Aramidopsis
1297,1,2,G,1,Mundia
1299,1,2,G,1,Aphanocrex
1301,1,2,G,1,Atlantisia
1303,13,2,G,8,Aramides
1305,3,2,G,1,Amaurolimnas
1307,4,2,G,3,Gymnocrex
1309,14,2,G,8,Amaurornis
1311,32,2,G,19,Porzana
1313,1,2,G,1,Aenigmatolimnas
1315,1,2,G,1,Cyanolimnas
1317,4,2,G,2,Neocrex
1319,10,2,G,3,Pardirallus
1321,2,2,G,1,Eulabeornis
1323,1,2,G,1,Habroptila
1325,2,2,G,1,Megacrex
1327,1,2,G,1,Gallicrex
1329,18,2,G,12,Porphyrio
1331,19,2,G,7,Gallinula
1333,1,2,G,1,Paragallinula
1335,3,2,G,1,Porphyriops
1337,2,2,G,2,Tribonyx
1339,16,2,G,11,Fulica
1341,7,2,G,3,Psophia
1343,4,2,G,2,Balearica
1345,1,2,G,1,Leucogeranus
1347,10,2,G,4,Antigone
1349,8,2,G,8,Grus
1351,4,2,G,1,Aramus
1353,56,2,G,16,Turnix
1355,1,2,G,1,Ortyxelos
1357,19,2,G,8,Burhinus
1359,2,2,G,2,Esacus
1361,5,2,G,2,Chionis
1363,1,2,G,1,Pluvianellus
1365,17,2,G,12,Haematopus
1367,1,2,G,1,Dromas
1369,1,2,G,1,Ibidorhyncha
1371,6,2,G,5,Himantopus
1373,1,2,G,1,Cladorhynchus
1375,4,2,G,4,Recurvirostra
1377,36,2,G,23,Vanellus
1379,1,2,G,1,Erythrogonys
1381,1,2,G,1,Peltohyas
1383,1,2,G,1,Anarhynchus
1385,6,2,G,4,Pluvialis
1387,58,2,G,31,Charadrius
1389,2,2,G,2,Thinornis
1391,1,2,G,1,Elseyornis
1393,2,2,G,1,Oreopholus
1395,1,2,G,1,Phegornis
1397,1,2,G,1,Hoploxypterus
1399,1,2,G,1,Pluvianus
1401,2,2,G,2,Rostratula
1403,1,2,G,1,Nycticryphes
1405,1,2,G,1,Microparra
1407,2,2,G,2,Actophilornis
1409,1,2,G,1,Irediparra
1411,1,2,G,1,Hydrophasianus
1413,1,2,G,1,Metopidius
1415,7,2,G,2,Jacana
1417,1,2,G,1,Pedionomus
1419,4,2,G,2,Attagis
1421,5,2,G,2,Thinocorus
1423,1,2,G,1,Bartramia
1425,16,2,G,8,Numenius
1427,10,2,G,4,Limosa
1429,3,2,G,2,Arenaria
1431,4,2,G,4,Prosobonia
1433,43,2,G,24,Calidris
1435,5,2,G,3,Limnodromus
1437,9,2,G,8,Scolopax
1439,7,2,G,5,Coenocorypha
1441,1,2,G,1,Lymnocryptes
1443,24,2,G,17,Gallinago
1445,1,2,G,1,Xenus
1447,3,2,G,3,Phalaropus
1449,2,2,G,2,Actitis
1451,20,2,G,13,Tringa
1453,10,2,G,5,Cursorius
1455,15,2,G,4,Rhinoptilus
1457,1,2,G,1,Stiltia
1459,9,2,G,7,Glareola
1461,21,2,G,5,Anous
1463,4,2,G,1,Gygis
1465,5,2,G,3,Rynchops
1467,1,2,G,1,Creagrus
1469,3,2,G,2,Rissa
1471,1,2,G,1,Pagophila
1473,1,2,G,1,Xema
1475,14,2,G,11,Chroicocephalus
1477,1,2,G,1,Hydrocoloeus
1479,1,2,G,1,Rhodostethia
1481,6,2,G,5,Leucophaeus
1483,6,2,G,6,Ichthyaetus
1485,45,2,G,23,Larus
1487,6,2,G,1,Gelochelidon
1489,1,2,G,1,Hydroprogne
1491,14,2,G,7,Thalasseus
1493,13,2,G,7,Sternula
1495,12,2,G,4,Onychoprion
1497,27,2,G,13,Sterna
1499,7,2,G,4,Chlidonias
1501,1,2,G,1,Phaetusa
1503,1,2,G,1,Larosterna
1505,10,2,G,7,Stercorarius
1507,2,2,G,1,Alle
1509,9,2,G,2,Uria
1511,2,2,G,1,Alca
1513,1,2,G,1,Pinguinus
1515,11,2,G,3,Cepphus
1517,3,2,G,3,Brachyramphus
1519,6,2,G,5,Synthliboramphus
1521,2,2,G,1,Ptychoramphus
1523,4,2,G,4,Aethia
1525,1,2,G,1,Cerorhinca
1527,3,2,G,3,Fratercula
1529,2,2,G,2,Syrrhaptes
1531,34,2,G,14,Pterocles
1533,68,2,G,35,Columba
1535,46,2,G,17,Patagioenas
1537,8,2,G,3,Nesoenas
1539,34,2,G,13,Streptopelia
1541,10,2,G,2,Spilopelia
1543,49,2,G,15,Macropygia
1545,5,2,G,3,Reinwardtoena
1547,3,2,G,3,Turacoena
1549,6,2,G,5,Turtur
1551,2,2,G,1,Oena
1553,13,2,G,3,Chalcophaps
1555,3,2,G,2,Henicophaps
1557,4,2,G,3,Phaps
1559,2,2,G,1,Ocyphaps
1561,7,2,G,3,Geophaps
1563,3,2,G,1,Trugon
1565,1,2,G,1,Leucosarcia
1567,3,2,G,2,Petrophassa
1569,9,2,G,5,Geopelia
1571,35,2,G,9,Columbina
1573,3,2,G,3,Claravis
1575,7,2,G,4,Metriopelia
1577,1,2,G,1,Uropelia
1579,1,2,G,1,Starnoenas
1581,12,2,G,9,Geotrygon
1583,1,2,G,1,Leptotrygon
1585,35,2,G,11,Leptotila
1587,13,2,G,8,Zentrygon
1589,1,2,G,1,Ectopistes
1591,26,2,G,7,Zenaida
1593,3,2,G,2,Caloenas
1595,15,2,G,7,Gallicolumba
1597,21,2,G,13,Alopecoenas
1599,1,2,G,1,Microgoura
1601,4,2,G,1,Otidiphaps
1603,5,2,G,4,Goura
1605,1,2,G,1,Raphus
1607,1,2,G,1,Pezophaps
1609,1,2,G,1,Didunculus
1611,10,2,G,4,Phapitreron
1613,84,2,G,29,Treron
1615,118,2,G,55,Ptilinopus
1617,1,2,G,1,Drepanoptila
1619,5,2,G,4,Alectroenas
1621,73,2,G,39,Ducula
1623,1,2,G,1,Lopholaimus
1625,3,2,G,2,Hemiphaga
1627,1,2,G,1,Cryptophaps
1629,5,2,G,4,Gymnophaps
1631,1,2,G,1,Opisthocomus
1633,1,2,G,1,Corythaeola
1635,23,2,G,14,Tauraco
1637,3,2,G,1,Ruwenzorornis
1639,2,2,G,2,Musophaga
1641,7,2,G,3,Corythaixoides
1643,2,2,G,2,Crinifer
1645,1,2,G,1,Guira
1647,3,2,G,3,Crotophaga
1649,1,2,G,1,Tapera
1651,2,2,G,2,Dromococcyx
1653,2,2,G,1,Morococcyx
1655,2,2,G,2,Geococcyx
1657,11,2,G,5,Neomorphus
1659,61,2,G,28,Centropus
1661,3,2,G,3,Carpococcyx
1663,14,2,G,10,Coua
1665,1,2,G,1,Rhinortha
1667,3,2,G,2,Ceuthmochares
1669,3,2,G,1,Taccocua
1671,2,2,G,1,Zanclostomus
1673,3,2,G,1,Rhamphococcyx
1675,13,2,G,6,Phaenicophaeus
1677,3,2,G,2,Dasylophus
1679,6,2,G,4,Clamator
1681,4,2,G,3,Coccycua
1683,15,2,G,2,Piaya
1685,17,2,G,13,Coccyzus
1687,3,2,G,1,Pachycoccyx
1689,2,2,G,1,Microdynamis
1691,14,2,G,3,Eudynamys
1693,1,2,G,1,Urodynamis
1695,3,2,G,1,Scythrops
1697,28,2,G,13,Chrysococcyx
1699,31,2,G,10,Cacomantis
1701,4,2,G,3,Cercococcyx
1703,9,2,G,4,Surniculus
1705,9,2,G,8,Hierococcyx
1707,16,2,G,11,Cuculus
1709,1,2,G,1,Nannococcyx
1711,56,2,G,17,Tyto
1713,7,2,G,3,Phodilus
1715,103,2,G,52,Otus
1717,3,2,G,3,Mascarenotus
1719,1,2,G,1,Psiloscops
1721,63,2,G,24,Megascops
1723,1,2,G,1,Pyrroglaux
1725,1,2,G,1,Margarobyas
1727,2,2,G,2,Ptilopsis
1729,57,2,G,19,Bubo
1731,7,2,G,3,Ketupa
1733,3,2,G,3,Scotopelia
1735,74,2,G,22,Strix
1737,1,2,G,1,Jubula
1739,3,2,G,1,Lophostrix
1741,9,2,G,3,Pulsatrix
1743,3,2,G,1,Surnia
1745,66,2,G,30,Glaucidium
1747,1,2,G,1,Xenoglaux
1749,4,2,G,1,Micrathene
1751,38,2,G,5,Athene
1753,14,2,G,5,Aegolius
1755,74,2,G,36,Ninox
1757,1,2,G,1,Uroglaux
1759,2,2,G,1,Sceloglaux
1761,5,2,G,2,Pseudoscops
1763,1,2,G,1,Nesasio
1765,27,2,G,6,Asio
1767,9,2,G,3,Podargus
1769,1,2,G,1,Rigidipenna
1771,18,2,G,12,Batrachostomus
1773,1,2,G,1,Steatornis
1775,14,2,G,7,Nyctibius
1777,7,2,G,7,Eurostopodus
1779,6,2,G,2,Lyncornis
1781,1,2,G,1,Gactornis
1783,27,2,G,6,Chordeiles
1785,5,2,G,2,Lurocalis
1787,6,2,G,2,Nyctiprogne
1789,4,2,G,2,Nyctipolus
1791,7,2,G,2,Nyctidromus
1793,4,2,G,4,Setopagis
1795,2,2,G,2,Eleothreptus
1797,9,2,G,2,Systellura
1799,5,2,G,2,Uropsalis
1801,14,2,G,4,Hydropsalis
1803,1,2,G,1,Macropsalis
1805,3,2,G,2,Siphonorhis
1807,6,2,G,4,Nyctiphrynus
1809,6,2,G,1,Phalaenoptilus
1811,22,2,G,12,Antrostomus
1813,1,2,G,1,Veles
1815,85,2,G,39,Caprimulgus
1817,13,2,G,9,Aegotheles
1819,13,2,G,4,Hemiprocne
1821,10,2,G,8,Cypseloides
1823,16,2,G,5,Streptoprocne
1825,1,2,G,1,Hydrochous
1827,38,2,G,11,Collocalia
1829,71,2,G,28,Aerodramus
1831,4,2,G,2,Schoutedenapus
1833,3,2,G,2,Mearnsia
1835,4,2,G,3,Zoonavena
1837,5,2,G,2,Telacanthura
1839,2,2,G,2,Rhaphidura
1841,3,2,G,2,Neafrapus
1843,6,2,G,4,Hirundapus
1845,28,2,G,11,Chaetura
1847,7,2,G,3,Aeronautes
1849,6,2,G,3,Tachornis
1851,2,2,G,2,Panyptila
1853,12,2,G,2,Cypsiurus
1855,15,2,G,2,Tachymarptis
1857,42,2,G,20,Apus
1859,1,2,G,1,Ramphodon
1861,5,2,G,2,Eutoxeres
1863,4,2,G,3,Glaucis
1865,9,2,G,3,Threnetes
1867,1,2,G,1,Anopetia
1869,56,2,G,27,Phaethornis
1871,1,2,G,1,Androdon
1873,4,2,G,2,Doryfera
1875,6,2,G,1,Phaeochroa
1877,18,2,G,13,Campylopterus
1879,1,2,G,1,Aphantochroa
1881,5,2,G,1,Eupetomena
1883,3,2,G,2,Florisuga
1885,9,2,G,5,Colibri
1887,12,2,G,7,Anthracothorax
1889,1,2,G,1,Avocettula
1891,5,2,G,2,Topaza
1893,3,2,G,2,Eulampis
1895,1,2,G,1,Chrysolampis
1897,4,2,G,1,Orthorhyncus
1899,3,2,G,1,Klais
1901,2,2,G,2,Stephanoxis
1903,2,2,G,1,Abeillia
1905,14,2,G,10,Lophornis
1907,6,2,G,5,Discosura
1909,2,2,G,2,Trochilus
1911,3,2,G,1,Chlorestes
1913,32,2,G,18,Chlorostilbon
1915,2,2,G,1,Panterpe
1917,2,2,G,2,Elvira
1919,6,2,G,4,Eupherusa
1921,1,2,G,1,Goethalsia
1923,1,2,G,1,Goldmania
1925,6,2,G,3,Cynanthus
1927,1,2,G,1,Cyanophaia
1929,24,2,G,5,Thalurania
1931,3,2,G,1,Juliamyia
1933,8,2,G,3,Lepidopyga
1935,11,2,G,6,Hylocharis
1937,2,2,G,1,Chrysuronia
1939,1,2,G,1,Leucochloris
1941,6,2,G,3,Polytmus
1943,4,2,G,4,Leucippus
1945,1,2,G,1,Taphrospilus
1947,91,2,G,31,Amazilia
1949,2,2,G,1,Microchera
1951,2,2,G,2,Anthocephala
1953,8,2,G,2,Chalybura
1955,19,2,G,8,Lampornis
1957,4,2,G,2,Basilinna
1959,1,2,G,1,Lamprolaima
1961,9,2,G,1,Adelomyia
1963,2,2,G,2,Phlogophilus
1965,1,2,G,1,Clytolaema
1967,18,2,G,9,Heliodoxa
1969,2,2,G,2,Eugenes
1971,1,2,G,1,Hylonympha
1973,1,2,G,1,Sternoclyta
1975,2,2,G,2,Urochroa
1977,4,2,G,3,Boissonneaua
1979,6,2,G,4,Aglaeactis
1981,9,2,G,5,Oreotrochilus
1983,7,2,G,1,Lafresnaya
1985,35,2,G,11,Coeligena
1987,1,2,G,1,Ensifera
1989,3,2,G,1,Pterophanes
1991,2,2,G,1,Patagona
1993,3,2,G,2,Sephanoides
1995,16,2,G,9,Heliangelus
1997,19,2,G,11,Eriocnemis
1999,9,2,G,3,Haplophaedia
2001,2,2,G,2,Urosticte
2003,8,2,G,3,Ocreatus
2005,9,2,G,2,Lesbia
2007,2,2,G,1,Sappho
2009,1,2,G,1,Polyonymus
2011,5,2,G,2,Ramphomicron
2013,2,2,G,1,Oreonympha
2015,4,2,G,4,Oxypogon
2017,20,2,G,9,Metallura
2019,9,2,G,5,Chalcostigma
2021,1,2,G,1,Opisthoprora
2023,1,2,G,1,Taphrolesbia
2025,9,2,G,3,Aglaiocercus
2027,4,2,G,2,Augastes
2029,3,2,G,2,Schistes
2031,4,2,G,2,Heliothryx
2033,1,2,G,1,Heliactin
2035,1,2,G,1,Loddigesia
2037,8,2,G,4,Heliomaster
2039,3,2,G,1,Rhodopis
2041,1,2,G,1,Thaumastura
2043,1,2,G,1,Tilmatura
2045,2,2,G,2,Doricha
2047,5,2,G,5,Calliphlox
2049,1,2,G,1,Microstilbon
2051,2,2,G,2,Calothorax
2053,3,2,G,2,Mellisuga
2055,2,2,G,2,Archilochus
2057,2,2,G,2,Calypte
2059,4,2,G,2,Atthis
2061,2,2,G,1,Myrtis
2063,1,2,G,1,Eulidia
2065,1,2,G,1,Myrmia
2067,9,2,G,6,Chaetocercus
2069,10,2,G,7,Selasphorus
2071,22,2,G,4,Colius
2073,11,2,G,2,Urocolius
2075,1,2,G,1,Euptilotis
2077,8,2,G,5,Pharomachrus
2079,3,2,G,2,Priotelus
2081,58,2,G,20,Trogon
2083,6,2,G,3,Apaloderma
2085,2,2,G,2,Apalharpactes
2087,31,2,G,10,Harpactes
2089,3,2,G,1,Leptosomus
2091,13,2,G,8,Coracias
2093,17,2,G,4,Eurystomus
2095,1,2,G,1,Brachypteracias
2097,1,2,G,1,Geobiastes
2099,2,2,G,2,Atelornis
2101,1,2,G,1,Uratelornis
2103,13,2,G,6,Actenoides
2105,3,2,G,1,Melidora
2107,3,2,G,1,Lacedo
2109,25,2,G,9,Tanysiptera
2111,2,2,G,1,Cittura
2113,1,2,G,1,Clytoceyx
2115,10,2,G,4,Dacelo
2117,1,2,G,1,Caridonax
2119,17,2,G,3,Pelargopsis
2121,38,2,G,11,Halcyon
2123,94,2,G,30,Todiramphus
2125,5,2,G,2,Syma
2127,5,2,G,2,Ispidina
2129,12,2,G,4,Corythornis
2131,19,2,G,7,Alcedo
2133,43,2,G,22,Ceyx
2135,10,2,G,4,Chloroceryle
2137,10,2,G,4,Megaceryle
2139,5,2,G,1,Ceryle
2141,5,2,G,5,Todus
2143,3,2,G,1,Hylomanes
2145,1,2,G,1,Aspatha
2147,24,2,G,7,Momotus
2149,3,2,G,2,Baryphthengus
2151,7,2,G,2,Electron
2153,7,2,G,1,Eumomota
2155,3,2,G,2,Nyctyornis
2157,1,2,G,1,Meropogon
2159,48,2,G,24,Merops
2161,9,2,G,4,Upupa
2163,16,2,G,6,Phoeniculus
2165,8,2,G,3,Rhinopomastus
2167,2,2,G,2,Bucorvus
2169,11,2,G,10,Tockus
2171,10,2,G,7,Lophoceros
2173,9,2,G,6,Bycanistes
2175,2,2,G,2,Ceratogymna
2177,5,2,G,2,Horizocerus
2179,1,2,G,1,Berenicornis
2181,7,2,G,3,Buceros
2183,1,2,G,1,Rhinoplax
2185,6,2,G,5,Anthracoceros
2187,3,2,G,3,Ocyceros
2189,3,2,G,3,Anorrhinus
2191,1,2,G,1,Aceros
2193,6,2,G,6,Rhyticeros
2195,6,2,G,4,Rhabdotorrhinus
2197,8,2,G,5,Penelopides
2199,2,2,G,2,Galbalcyrhynchus
2201,10,2,G,4,Brachygalba
2203,1,2,G,1,Jacamaralcyon
2205,20,2,G,10,Galbula
2207,4,2,G,1,Jacamerops
2209,9,2,G,6,Notharchus
2211,6,2,G,4,Bucco
2213,8,2,G,6,Nystalus
2215,6,2,G,2,Hypnelus
2217,12,2,G,7,Malacoptila
2219,1,2,G,1,Micromonacha
2221,17,2,G,6,Nonnula
2223,1,2,G,1,Hapaloptila
2225,11,2,G,4,Monasa
2227,3,2,G,1,Chelidoptera
2229,21,2,G,11,Capito
2231,14,2,G,4,Eubucco
2233,3,2,G,2,Semnornis
2235,25,2,G,11,Aulacorhynchus
2237,23,2,G,14,Pteroglossus
2239,7,2,G,6,Selenidera
2241,7,2,G,4,Andigena
2243,16,2,G,8,Ramphastos
2245,68,2,G,32,Psilopogon
2247,3,2,G,2,Caloramphus
2249,7,2,G,4,Gymnobucco
2251,17,2,G,4,Stactolaema
2253,25,2,G,10,Pogoniulus
2255,1,2,G,1,Buccanodon
2257,16,2,G,6,Tricholaema
2259,30,2,G,12,Lybius
2261,15,2,G,5,Trachyphonus
2263,7,2,G,3,Prodotiscus
2265,2,2,G,2,Melignomon
2267,23,2,G,11,Indicator
2269,1,2,G,1,Melichneutes
2271,9,2,G,2,Jynx
2273,69,2,G,27,Picumnus
2275,6,2,G,3,Sasia
2277,2,2,G,1,Nesoctites
2279,3,2,G,2,Hemicircus
2281,52,2,G,24,Melanerpes
2283,6,2,G,4,Sphyrapicus
2285,2,2,G,1,Xiphidiopicus
2287,28,2,G,12,Campethera
2289,1,2,G,1,Geocolaptes
2291,32,2,G,7,Yungipicus
2293,12,2,G,3,Picoides
2295,6,2,G,3,Dendrocoptes
2297,2,2,G,1,Leiopicus
2299,5,2,G,3,Chloropicus
2301,32,2,G,12,Dendropicos
2303,36,2,G,5,Dryobates
2305,37,2,G,14,Veniliornis
2307,28,2,G,6,Leuconotopicus
2309,57,2,G,12,Dendrocopos
2311,14,2,G,7,Piculus
2313,61,2,G,14,Colaptes
2315,32,2,G,13,Celeus
2317,26,2,G,6,Dryocopus
2319,20,2,G,11,Campephilus
2321,14,2,G,3,Chrysophlegma
2323,39,2,G,13,Picus
2325,16,2,G,6,Dinopium
2327,16,2,G,8,Chrysocolaptes
2329,5,2,G,2,Gecinulus
2331,6,2,G,2,Blythipicus
2333,2,2,G,1,Reinwardtipicus
2335,10,2,G,1,Micropternus
2337,8,2,G,3,Meiglyptes
2339,7,2,G,3,Mulleripicus
2341,1,2,G,1,Daptrius
2343,1,2,G,1,Ibycter
2345,4,2,G,4,Phalcoboenus
2347,3,2,G,3,Caracara
2349,4,2,G,2,Milvago
2351,2,2,G,1,Herpetotheres
2353,13,2,G,7,Micrastur
2355,1,2,G,1,Spiziapteryx
2357,5,2,G,2,Polihierax
2359,7,2,G,5,Microhierax
2361,112,2,G,40,Falco
2363,1,2,G,1,Strigops
2365,4,2,G,3,Nestor
2367,1,2,G,1,Nymphicus
2369,13,2,G,5,Calyptorhynchus
2371,4,2,G,1,Probosciger
2373,1,2,G,1,Callocephalon
2375,3,2,G,1,Eolophus
2377,2,2,G,1,Lophochroa
2379,22,2,G,11,Cacatua
2381,3,2,G,2,Psittacus
2383,21,2,G,10,Poicephalus
2385,9,2,G,8,Touit
2387,5,2,G,2,Psilopsiagon
2389,4,2,G,3,Bolborhynchus
2391,2,2,G,2,Nannopsittaca
2393,4,2,G,2,Myiopsitta
2395,17,2,G,8,Brotogeris
2397,1,2,G,1,Pionopsitta
2399,1,2,G,1,Triclaria
2401,9,2,G,7,Pyrilia
2403,7,2,G,4,Hapalopsittaca
2405,18,2,G,8,Pionus
2407,1,2,G,1,Graydidascalus
2409,1,2,G,1,Alipiopsitta
2411,52,2,G,33,Amazona
2413,19,2,G,9,Forpus
2415,5,2,G,2,Pionites
2417,2,2,G,1,Deroptyus
2419,48,2,G,24,Pyrrhura
2421,3,2,G,2,Enicognathus
2423,4,2,G,1,Cyanoliseus
2425,3,2,G,3,Anodorhynchus
2427,2,2,G,2,Rhynchopsitta
2429,23,2,G,5,Eupsittula
2431,2,2,G,1,Conuropsis
2433,7,2,G,6,Aratinga
2435,1,2,G,1,Cyanopsitta
2437,1,2,G,1,Orthopsittaca
2439,3,2,G,3,Primolius
2441,13,2,G,9,Ara
2443,1,2,G,1,Leptosittaca
2445,1,2,G,1,Ognorhynchus
2447,1,2,G,1,Guaruba
2449,3,2,G,1,Diopsittaca
2451,5,2,G,1,Thectocercus
2453,20,2,G,13,Psittacara
2455,1,2,G,1,Psittrichas
2457,1,2,G,1,Mascarinus
2459,7,2,G,3,Coracopsis
2461,20,2,G,6,Micropsitta
2463,4,2,G,3,Polytelis
2465,11,2,G,3,Alisterus
2467,4,2,G,2,Aprosmictus
2469,14,2,G,10,Prioniturus
2471,8,2,G,1,Eclectus
2473,19,2,G,3,Geoffroyus
2475,3,2,G,1,Psittinus
2477,15,2,G,4,Tanygnathus
2479,36,2,G,16,Psittacula
2481,11,2,G,4,Psittacella
2483,2,2,G,1,Psephotus
2485,4,2,G,2,Northiella
2487,4,2,G,4,Psephotellus
2489,1,2,G,1,Purpureicephalus
2491,18,2,G,6,Platycercus
2493,5,2,G,1,Barnardius
2495,1,2,G,1,Lathamus
2497,4,2,G,3,Prosopeia
2499,2,2,G,2,Eunymphicus
2501,14,2,G,12,Cyanoramphus
2503,4,2,G,3,Pezoporus
2505,1,2,G,1,Neopsephotus
2507,8,2,G,6,Neophema
2509,3,2,G,1,Oreopsittacus
2511,25,2,G,14,Charmosyna
2513,5,2,G,5,Vini
2515,1,2,G,1,Phigys
2517,2,2,G,2,Neopsittacus
2519,2,2,G,2,Parvipsitta
2521,16,2,G,6,Lorius
2523,7,2,G,3,Chalcopsitta
2525,2,2,G,2,Pseudeos
2527,4,2,G,3,Psitteuteles
2529,11,2,G,6,Eos
2531,25,2,G,13,Trichoglossus
2533,2,2,G,1,Glossopsitta
2535,1,2,G,1,Melopsittacus
2537,7,2,G,3,Psittaculirostris
2539,13,2,G,2,Cyclopsitta
2541,4,2,G,1,Bolbopsittacus
2543,28,2,G,14,Loriculus
2545,14,2,G,9,Agapornis
2547,1,2,G,1,Lophopsittacus
2549,1,2,G,1,Necropsittacus
2551,2,2,G,1,Acanthisitta
2553,4,2,G,2,Xenicus
2555,1,2,G,1,Traversia
2557,1,2,G,1,Sapayoa
2559,14,2,G,3,Smithornis
2561,5,2,G,3,Calyptomena
2563,4,2,G,1,Cymbirhynchus
2565,5,2,G,1,Psarisomus
2567,8,2,G,1,Serilophus
2569,5,2,G,2,Eurylaimus
2571,2,2,G,2,Sarcophanops
2573,3,2,G,1,Corydon
2575,1,2,G,1,Pseudocalyptomena
2577,2,2,G,2,Philepitta
2579,2,2,G,2,Neodrepanis
2581,24,2,G,13,Hydrornis
2583,29,2,G,15,Erythropitta
2585,39,2,G,14,Pitta
2587,29,2,G,7,Sclerurus
2589,28,2,G,11,Geositta
2591,3,2,G,1,Certhiasomus
2593,15,2,G,1,Sittasomus
2595,7,2,G,1,Deconychura
2597,29,2,G,6,Dendrocincla
2599,13,2,G,1,Glyphorynchus
2601,4,2,G,1,Dendrexetastes
2603,1,2,G,1,Nasica
2605,24,2,G,5,Dendrocolaptes
2607,6,2,G,4,Hylexetastes
2609,32,2,G,4,Xiphocolaptes
2611,59,2,G,13,Xiphorhynchus
2613,14,2,G,2,Dendroplex
2615,24,2,G,4,Campylorhamphus
2617,1,2,G,1,Drymotoxeres
2619,1,2,G,1,Drymornis
2621,37,2,G,12,Lepidocolaptes
2623,24,2,G,3,Xenops
2625,1,2,G,1,Berlepschia
2627,1,2,G,1,Microxenops
2629,1,2,G,1,Pygarrhichas
2631,7,2,G,4,Ochetorhynchus
2633,10,2,G,3,Pseudocolaptes
2635,2,2,G,1,Premnornis
2637,4,2,G,2,Tarphonomus
2639,16,2,G,8,Furnarius
2641,6,2,G,1,Lochmias
2643,4,2,G,1,Phleocryptes
2645,1,2,G,1,Limnornis
2647,2,2,G,1,Geocerthia
2649,8,2,G,4,Upucerthia
2651,28,2,G,15,Cinclodes
2653,2,2,G,2,Anabazenops
2655,1,2,G,1,Megaxenops
2657,3,2,G,2,Cichlocolaptes
2659,2,2,G,1,Heliobletus
2661,19,2,G,7,Philydor
2663,14,2,G,5,Anabacerthia
2665,20,2,G,8,Syndactyla
2667,1,2,G,1,Ancistrops
2669,18,2,G,5,Clibanornis
2671,16,2,G,7,Thripadectes
2673,24,2,G,10,Automolus
2675,8,2,G,2,Premnoplex
2677,7,2,G,4,Margarornis
2679,4,2,G,2,Aphrastura
2681,1,2,G,1,Sylviorthorhynchus
2683,22,2,G,10,Leptasthenura
2685,15,2,G,10,Phacellodomus
2687,4,2,G,1,Hellmayrea
2689,1,2,G,1,Anumbius
2691,2,2,G,1,Coryphistera
2693,64,2,G,30,Asthenes
2695,1,2,G,1,Acrobatornis
2697,1,2,G,1,Metopothrix
2699,3,2,G,2,Xenerpestes
2701,2,2,G,1,Siptornis
2703,4,2,G,1,Roraimia
2705,7,2,G,5,Thripophaga
2707,1,2,G,1,Limnoctites
2709,38,2,G,20,Cranioleuca
2711,6,2,G,4,Pseudasthenes
2713,1,2,G,1,Spartonoica
2715,6,2,G,4,Pseudoseisura
2717,9,2,G,2,Certhiaxis
2719,1,2,G,1,Mazaria
2721,2,2,G,1,Schoeniophylax
2723,90,2,G,35,Synallaxis
2725,9,2,G,4,Euchrepomis
2727,2,2,G,1,Myrmornis
2729,4,2,G,1,Pygiptila
2731,7,2,G,2,Thamnistes
2733,10,2,G,1,Microrhopias
2735,1,2,G,1,Neoctantes
2737,2,2,G,2,Clytoctantes
2739,20,2,G,10,Epinecrophylla
2741,2,2,G,1,Myrmorchilus
2743,1,2,G,1,Aprositornis
2745,1,2,G,1,Ammonastes
2747,5,2,G,1,Myrmophylax
2749,51,2,G,25,Myrmotherula
2751,2,2,G,2,Terenura
2753,1,2,G,1,Myrmochanes
2755,19,2,G,8,Formicivora
2757,2,2,G,1,Stymphalornis
2759,3,2,G,1,Dichrozona
2761,1,2,G,1,Rhopias
2763,5,2,G,2,Isleria
2765,11,2,G,4,Thamnomanes
2767,1,2,G,1,Megastictus
2769,24,2,G,17,Herpsilochmus
2771,27,2,G,8,Dysithamnus
2773,91,2,G,30,Thamnophilus
2775,8,2,G,3,Sakesphorus
2777,1,2,G,1,Biatas
2779,4,2,G,2,Cymbilaimus
2781,10,2,G,1,Taraba
2783,2,2,G,2,Mackenziaena
2785,5,2,G,3,Frederickena
2787,1,2,G,1,Hypoedaleus
2789,3,2,G,1,Batara
2791,1,2,G,1,Xenornis
2793,3,2,G,2,Pithys
2795,3,2,G,1,Phaenostictus
2797,12,2,G,3,Gymnopithys
2799,2,2,G,2,Oneillornis
2801,8,2,G,5,Rhegmatorhina
2803,7,2,G,3,Phlegopsis
2805,7,2,G,2,Willisornis
2807,13,2,G,11,Drymophila
2809,14,2,G,8,Hypocnemis
2811,4,2,G,2,Sciaphylax
2813,15,2,G,6,Cercomacroides
2815,10,2,G,7,Cercomacra
2817,7,2,G,5,Myrmoderus
2819,4,2,G,2,Hypocnemoides
2821,8,2,G,3,Hylophylax
2823,4,2,G,1,Sclateria
2825,13,2,G,8,Myrmelastes
2827,5,2,G,1,Poliocrania
2829,1,2,G,1,Ampelornis
2831,4,2,G,4,Sipia
2833,4,2,G,1,Myrmeciza
2835,17,2,G,5,Myrmoborus
2837,4,2,G,1,Gymnocichla
2839,12,2,G,3,Pyriglena
2841,1,2,G,1,Rhopornis
2843,5,2,G,2,Percnostola
2845,2,2,G,2,Akletos
2847,6,2,G,3,Hafferia
2849,25,2,G,6,Formicarius
2851,20,2,G,6,Chamaeza
2853,75,2,G,32,Grallaria
2855,19,2,G,10,Hylopezus
2857,10,2,G,3,Myrmothera
2859,25,2,G,10,Grallaricula
2861,21,2,G,9,Conopophaga
2863,5,2,G,2,Pittasoma
2865,2,2,G,1,Acropternis
2867,4,2,G,3,Pteroptochos
2869,4,2,G,2,Scelorchilus
2871,2,2,G,1,Rhinocrypta
2873,1,2,G,1,Teledromas
2875,3,2,G,1,Liosceles
2877,1,2,G,1,Psilorhamphus
2879,2,2,G,2,Merulaxis
2881,1,2,G,1,Eugralla
2883,1,2,G,1,Myornis
2885,2,2,G,2,Eleoscytalopus
2887,55,2,G,44,Scytalopus
2889,9,2,G,5,Melanopareia
2891,9,2,G,3,Piprites
2893,23,2,G,14,Phyllomyias
2895,1,2,G,1,Tyrannulus
2897,25,2,G,7,Myiopagis
2899,46,2,G,21,Elaenia
2901,3,2,G,3,Ornithion
2903,14,2,G,2,Camptostoma
2905,4,2,G,2,Suiriri
2907,18,2,G,6,Mecocerculus
2909,13,2,G,6,Anairetes
2911,4,2,G,2,Uromyias
2913,10,2,G,6,Serpophaga
2915,7,2,G,2,Phaeomyias
2917,5,2,G,1,Capsiempis
2919,4,2,G,2,Polystictus
2921,1,2,G,1,Nesotriccus
2923,5,2,G,5,Pseudocolopteryx
2925,6,2,G,3,Pseudotriccus
2927,4,2,G,2,Corythopis
2929,4,2,G,2,Euscarthmus
2931,1,2,G,1,Pseudelaenia
2933,6,2,G,2,Stigmatura
2935,18,2,G,15,Zimmerius
2937,10,2,G,7,Pogonotriccus
2939,20,2,G,16,Phylloscartes
2941,20,2,G,6,Mionectes
2943,10,2,G,4,Leptopogon
2945,9,2,G,3,Sublegatus
2947,6,2,G,4,Inezia
2949,19,2,G,6,Myiophobus
2951,5,2,G,3,Nephelomyias
2953,4,2,G,1,Myiotriccus
2955,4,2,G,1,Tachuris
2957,1,2,G,1,Culicivora
2959,44,2,G,22,Hemitriccus
2961,6,2,G,4,Myiornis
2963,2,2,G,2,Oncostoma
2965,11,2,G,4,Lophotriccus
2967,4,2,G,1,Atalotriccus
2969,29,2,G,12,Poecilotriccus
2971,2,2,G,1,Taeniotriccus
2973,22,2,G,7,Todirostrum
2975,3,2,G,2,Cnipodectes
2977,14,2,G,4,Rhynchocyclus
2979,35,2,G,7,Tolmomyias
2981,1,2,G,1,Calyptura
2983,27,2,G,7,Platyrinchus
2985,2,2,G,1,Neopipo
2987,6,2,G,1,Pyrrhomyias
2989,4,2,G,1,Hirundinea
2991,6,2,G,2,Lathrotriccus
2993,2,2,G,2,Aphanotriccus
2995,7,2,G,1,Cnemotriccus
2997,2,2,G,2,Xenotriccus
2999,9,2,G,3,Sayornis
3001,5,2,G,2,Mitrephanes
3003,37,2,G,15,Contopus
3005,34,2,G,15,Empidonax
3007,12,2,G,4,Pyrocephalus
3009,2,2,G,2,Lessonia
3011,21,2,G,12,Knipolegus
3013,2,2,G,1,Hymenops
3015,1,2,G,1,Ochthornis
3017,1,2,G,1,Satrapa
3019,23,2,G,13,Muscisaxicola
3021,13,2,G,5,Agriornis
3023,10,2,G,7,Xolmis
3025,1,2,G,1,Heteroxolmis
3027,8,2,G,4,Myiotheretes
3029,2,2,G,1,Cnemarchus
3031,2,2,G,1,Polioxolmis
3033,1,2,G,1,Neoxolmis
3035,1,2,G,1,Gubernetes
3037,1,2,G,1,Muscipipra
3039,4,2,G,3,Fluvicola
3041,1,2,G,1,Arundinicola
3043,2,2,G,2,Alectrurus
3045,1,2,G,1,Tumbezia
3047,12,2,G,5,Silvicultrix
3049,25,2,G,8,Ochthoeca
3051,1,2,G,1,Colorhamphus
3053,5,2,G,1,Colonia
3055,1,2,G,1,Muscigralla
3057,3,2,G,1,Machetornis
3059,2,2,G,1,Legatus
3061,1,2,G,1,Phelpsia
3063,16,2,G,4,Myiozetetes
3065,10,2,G,1,Pitangus
3067,2,2,G,1,Philohydor
3069,7,2,G,4,Conopias
3071,13,2,G,5,Myiodynastes
3073,6,2,G,1,Megarynchus
3075,1,2,G,1,Tyrannopsis
3077,2,2,G,1,Empidonomus
3079,2,2,G,1,Griseotyrannus
3081,26,2,G,13,Tyrannus
3083,5,2,G,3,Rhytipterna
3085,5,2,G,4,Sirystes
3087,2,2,G,2,Casiornis
3089,58,2,G,22,Myiarchus
3091,1,2,G,1,Deltarhynchus
3093,6,2,G,3,Ramphotrigon
3095,20,2,G,7,Attila
3097,3,2,G,2,Ampelion
3099,2,2,G,2,Phibalura
3101,1,2,G,1,Zaratornis
3103,2,2,G,2,Doliornis
3105,4,2,G,3,Phytotoma
3107,2,2,G,2,Carpornis
3109,24,2,G,11,Pipreola
3111,1,2,G,1,Ampelioides
3113,5,2,G,2,Rupicola
3115,2,2,G,2,Phoenicircus
3117,7,2,G,7,Cotinga
3119,6,2,G,4,Procnias
3121,2,2,G,2,Tijuca
3123,8,2,G,7,Lipaugus
3125,1,2,G,1,Conioptilon
3127,3,2,G,2,Snowornis
3129,1,2,G,1,Porphyrolaema
3131,3,2,G,3,Xipholena
3133,3,2,G,3,Carpodectes
3135,1,2,G,1,Gymnoderus
3137,1,2,G,1,Querula
3139,1,2,G,1,Haematoderus
3141,5,2,G,1,Pyroderus
3143,1,2,G,1,Perissocephalus
3145,3,2,G,3,Cephalopterus
3147,2,2,G,2,Tyranneutes
3149,5,2,G,5,Neopelma
3151,2,2,G,2,Chloropipo
3153,2,2,G,2,Antilophia
3155,8,2,G,5,Chiroxiphia
3157,1,2,G,1,Ilicura
3159,5,2,G,1,Masius
3161,4,2,G,3,Corapipo
3163,3,2,G,2,Xenopipo
3165,4,2,G,1,Cryptopipo
3167,18,2,G,8,Lepidothrix
3169,3,2,G,3,Heterocercus
3171,21,2,G,4,Manacus
3173,11,2,G,3,Pipra
3175,10,2,G,5,Machaeropterus
3177,13,2,G,1,Pseudopipra
3179,8,2,G,5,Ceratopipra
3181,4,2,G,1,Oxyruncus
3183,6,2,G,4,Onychorhynchus
3185,18,2,G,4,Myiobius
3187,8,2,G,1,Terenotriccus
3189,17,2,G,3,Tityra
3191,16,2,G,7,Schiffornis
3193,4,2,G,2,Laniocera
3195,4,2,G,3,Iodopleura
3197,4,2,G,2,Laniisoma
3199,2,2,G,1,Xenopsaris
3201,55,2,G,17,Pachyramphus
3203,4,2,G,2,Menura
3205,3,2,G,2,Atrichornis
3207,15,2,G,10,Ailuroedus
3209,1,2,G,1,Scenopoeetes
3211,2,2,G,1,Archboldia
3213,6,2,G,4,Amblyornis
3215,1,2,G,1,Prionodura
3217,4,2,G,4,Sericulus
3219,2,2,G,1,Ptilonorhynchus
3221,8,2,G,5,Chlamydera
3223,7,2,G,2,Cormobates
3225,9,2,G,5,Climacteris
3227,1,2,G,1,Sipodotus
3229,2,2,G,2,Chenorhamphus
3231,34,2,G,12,Malurus
3233,2,2,G,1,Clytomyias
3235,10,2,G,3,Stipiturus
3237,23,2,G,11,Amytornis
3239,1,2,G,1,Sugomel
3241,76,2,G,32,Myzomela
3243,2,2,G,1,Gliciphila
3245,3,2,G,1,Glycichaera
3247,9,2,G,6,Ptiloprora
3249,5,2,G,2,Acanthorhynchus
3251,1,2,G,1,Certhionyx
3253,2,2,G,1,Prosthemadera
3255,4,2,G,2,Anthornis
3257,7,2,G,3,Pycnopygius
3259,1,2,G,1,Cissomela
3261,19,2,G,11,Lichmera
3263,9,2,G,3,Phylidonyris
3265,1,2,G,1,Trichodere
3267,1,2,G,1,Grantiella
3269,1,2,G,1,Plectorhyncha
3271,14,2,G,4,Xanthotis
3273,30,2,G,18,Philemon
3275,1,2,G,1,Melitograis
3277,3,2,G,1,Entomyzon
3279,13,2,G,7,Melithreptus
3281,3,2,G,3,Foulehaio
3283,4,2,G,2,Nesoptilotis
3285,1,2,G,1,Ashbyia
3287,6,2,G,4,Epthianura
3289,2,2,G,1,Melilestes
3291,2,2,G,1,Macgregoria
3293,6,2,G,4,Melipotes
3295,4,2,G,2,Timeliopsis
3297,3,2,G,3,Conopophila
3299,2,2,G,2,Ramsayornis
3301,1,2,G,1,Acanthagenys
3303,10,2,G,5,Anthochaera
3305,2,2,G,2,Bolemoreus
3307,5,2,G,3,Caligavis
3309,6,2,G,2,Lichenostomus
3311,10,2,G,4,Manorina
3313,1,2,G,1,Meliarchus
3315,19,2,G,10,Melidectes
3317,1,2,G,1,Purnella
3319,3,2,G,2,Stomiopera
3321,7,2,G,3,Gavicalis
3323,13,2,G,6,Ptilotula
3325,23,2,G,15,Meliphaga
3327,1,2,G,1,Guadalcanaria
3329,1,2,G,1,Oreornis
3331,4,2,G,4,Gymnomyza
3333,5,2,G,2,Myza
3335,1,2,G,1,Stresemannia
3337,3,2,G,2,Glycifohia
3339,6,2,G,3,Dasyornis
3341,12,2,G,4,Pardalotus
3343,4,2,G,1,Pachycare
3345,1,2,G,1,Oreoscopus
3347,2,2,G,1,Acanthornis
3349,4,2,G,1,Smicrornis
3351,12,2,G,3,Calamanthus
3353,7,2,G,2,Hylacola
3355,2,2,G,1,Pycnoptilus
3357,2,2,G,2,Pyrrholaemus
3359,11,2,G,3,Origma
3361,3,2,G,1,Neosericornis
3363,12,2,G,6,Aethomyias
3365,35,2,G,8,Sericornis
3367,52,2,G,19,Gerygone
3369,36,2,G,14,Acanthiza
3371,4,2,G,3,Aphelocephala
3373,1,2,G,1,Garritornis
3375,8,2,G,4,Pomatostomus
3377,5,2,G,3,Orthonyx
3379,3,2,G,2,Cnemophilus
3381,2,2,G,1,Loboparadisea
3383,13,2,G,5,Melanocharis
3385,2,2,G,1,Rhamphocharis
3387,5,2,G,2,Oedistoma
3389,3,2,G,2,Toxorhamphus
3391,1,2,G,1,Oreocharis
3393,2,2,G,1,Paramythia
3395,2,2,G,2,Callaeas
3397,2,2,G,2,Philesturnus
3399,1,2,G,1,Heteralocha
3401,2,2,G,1,Notiomystis
3403,1,2,G,1,Androphobus
3405,8,2,G,5,Psophodes
3407,18,2,G,4,Ptilorrhoa
3409,14,2,G,8,Cinclosoma
3411,34,2,G,19,Batis
3413,1,2,G,1,Lanioturdus
3415,18,2,G,11,Platysteira
3417,14,2,G,6,Malaconotus
3419,16,2,G,6,Chlorophoneus
3421,13,2,G,4,Telophorus
3423,3,2,G,1,Bocagia
3425,23,2,G,4,Tchagra
3427,18,2,G,6,Dryoscopus
3429,37,2,G,22,Laniarius
3431,10,2,G,1,Nilaus
3433,9,2,G,2,Machaerirhynchus
3435,2,2,G,2,Calicalicus
3437,2,2,G,1,Vanga
3439,1,2,G,1,Oriolia
3441,3,2,G,3,Xenopirostris
3443,1,2,G,1,Falculea
3445,2,2,G,1,Artamella
3447,2,2,G,1,Leptopterus
3449,3,2,G,1,Cyanolanius
3451,2,2,G,1,Schetba
3453,1,2,G,1,Euryceros
3455,2,2,G,1,Tylas
3457,1,2,G,1,Hypositta
3459,6,2,G,4,Newtonia
3461,1,2,G,1,Pseudobias
3463,1,2,G,1,Mystacornis
3465,20,2,G,8,Prionops
3467,5,2,G,2,Hemipus
3469,15,2,G,4,Tephrodornis
3471,4,2,G,2,Philentoma
3473,2,2,G,1,Megabyas
3475,3,2,G,1,Bias
3477,1,2,G,1,Pityriasis
3479,25,2,G,11,Artamus
3481,2,2,G,2,Peltops
3483,5,2,G,1,Melloria
3485,8,2,G,1,Gymnorhina
3487,12,2,G,6,Cracticus
3489,15,2,G,3,Strepera
3491,2,2,G,1,Rhagologus
3493,17,2,G,4,Aegithina
3495,56,2,G,15,Pericrocotus
3497,8,2,G,5,Ceblepyris
3499,83,2,G,22,Coracina
3501,6,2,G,4,Campephaga
3503,2,2,G,2,Lobotos
3505,2,2,G,1,Campochaera
3507,1,2,G,1,Malindangia
3509,64,2,G,22,Edolisoma
3511,1,2,G,1,Celebesica
3513,1,2,G,1,Cyanograucalus
3515,67,2,G,19,Lalage
3517,3,2,G,3,Mohoua
3519,10,2,G,3,Daphoenositta
3521,1,2,G,1,Eulacestoma
3523,3,2,G,1,Aleadryas
3525,1,2,G,1,Ornorectes
3527,2,2,G,1,Oreoica
3529,3,2,G,1,Falcunculus
3531,2,2,G,2,Coracornis
3533,5,2,G,1,Melanorectes
3535,143,2,G,47,Pachycephala
3537,6,2,G,2,Pseudorectes
3539,29,2,G,5,Colluricincla
3541,3,2,G,1,Corvinella
3543,3,2,G,1,Urolestes
3545,3,2,G,2,Eurocephalus
3547,82,2,G,29,Lanius
3549,24,2,G,2,Cyclarhis
3551,12,2,G,4,Vireolanius
3553,113,2,G,34,Vireo
3555,46,2,G,14,Hylophilus
3557,8,2,G,1,Erpornis
3559,19,2,G,9,Pteruthius
3561,3,2,G,2,Turnagra
3563,7,2,G,3,Sphecotheres
3565,17,2,G,4,Pitohui
3567,84,2,G,29,Oriolus
3569,109,2,G,29,Dicrurus
3571,142,2,G,49,Rhipidura
3573,2,2,G,2,Lamprolia
3575,1,2,G,1,Chaetorhynchus
3577,30,2,G,4,Hypothymis
3579,1,2,G,1,Eutrichomyias
3581,7,2,G,2,Trochocercus
3583,55,2,G,16,Terpsiphone
3585,5,2,G,3,Chasiempis
3587,10,2,G,9,Pomarea
3589,4,2,G,3,Mayrornis
3591,1,2,G,1,Neolalage
3593,17,2,G,5,Clytorhynchus
3595,1,2,G,1,Metabolus
3597,33,2,G,19,Symposiachrus
3599,25,2,G,9,Monarcha
3601,13,2,G,3,Carterornis
3603,9,2,G,4,Arses
3605,3,2,G,2,Grallina
3607,50,2,G,20,Myiagra
3609,4,2,G,1,Platylophus
3611,2,2,G,1,Platysmurus
3613,15,2,G,3,Perisoreus
3615,17,2,G,9,Cyanolyca
3617,37,2,G,17,Cyanocorax
3619,3,2,G,1,Psilorhinus
3621,4,2,G,2,Calocitta
3623,17,2,G,2,Cyanocitta
3625,27,2,G,7,Aphelocoma
3627,1,2,G,1,Gymnorhinus
3629,36,2,G,3,Garrulus
3631,3,2,G,2,Cyanopica
3633,13,2,G,5,Urocissa
3635,12,2,G,4,Cissa
3637,22,2,G,7,Dendrocitta
3639,2,2,G,2,Crypsirina
3641,1,2,G,1,Temnurus
3643,13,2,G,7,Pica
3645,1,2,G,1,Zavattariornis
3647,5,2,G,4,Podoces
3649,10,2,G,3,Nucifraga
3651,11,2,G,2,Pyrrhocorax
3653,1,2,G,1,Ptilostomus
3655,5,2,G,2,Coloeus
3657,88,2,G,46,Corvus
3659,2,2,G,1,Corcorax
3661,2,2,G,1,Struthidea
3663,1,2,G,1,Melampitta
3665,1,2,G,1,Megalampitta
3667,1,2,G,1,Ifrita
3669,3,2,G,1,Lycocorax
3671,5,2,G,4,Manucodia
3673,6,2,G,1,Phonygammus
3675,2,2,G,2,Paradigalla
3677,7,2,G,5,Astrapia
3679,9,2,G,6,Parotia
3681,1,2,G,1,Pteridophora
3683,6,2,G,3,Lophorina
3685,5,2,G,4,Ptiloris
3687,2,2,G,2,Epimachus
3689,4,2,G,2,Drepanornis
3691,4,2,G,2,Diphyllodes
3693,2,2,G,1,Cicinnurus
3695,2,2,G,1,Semioptera
3697,1,2,G,1,Seleucidis
3699,12,2,G,7,Paradisaea
3701,4,2,G,2,Heteromyias
3703,12,2,G,6,Poecilodryas
3705,11,2,G,4,Peneothello
3707,4,2,G,1,Peneoenanthe
3709,12,2,G,2,Tregellasia
3711,5,2,G,3,Eopsaltria
3713,6,2,G,2,Melanodryas
3715,8,2,G,2,Pachycephalopsis
3717,2,2,G,1,Monachella
3719,17,2,G,7,Microeca
3721,1,2,G,1,Eugerygone
3723,34,2,G,13,Petroica
3725,4,2,G,3,Drymodes
3727,4,2,G,2,Amalocichla
3729,2,2,G,2,Picathartes
3731,2,2,G,2,Chaetops
3733,2,2,G,1,Eupetes
3735,4,2,G,3,Bombycilla
3737,2,2,G,1,Phainoptila
3739,5,2,G,2,Ptiliogonys
3741,2,2,G,1,Phainopepla
3743,1,2,G,1,Hypocolius
3745,1,2,G,1,Dulus
3747,1,2,G,1,Chaetoptila
3749,4,2,G,4,Moho
3751,2,2,G,1,Hylocitrea
3753,1,2,G,1,Chelidorhynx
3755,3,2,G,1,Stenostira
3757,10,2,G,2,Culicicapa
3759,10,2,G,5,Elminia
3761,2,2,G,1,Cephalopyrus
3763,3,2,G,1,Sylviparus
3765,4,2,G,1,Melanochlora
3767,26,2,G,3,Periparus
3769,11,2,G,3,Pardaliparus
3771,11,2,G,2,Lophophanes
3773,14,2,G,5,Baeolophus
3775,11,2,G,5,Sittiparus
3777,67,2,G,15,Poecile
3779,24,2,G,3,Cyanistes
3781,1,2,G,1,Pseudopodoces
3783,40,2,G,4,Parus
3785,9,2,G,5,Machlolophus
3787,27,2,G,15,Melaniparus
3789,11,2,G,4,Remiz
3791,20,2,G,6,Anthoscopus
3793,6,2,G,1,Auriparus
3795,3,2,G,3,Nicator
3797,3,2,G,1,Panurus
3799,7,2,G,2,Alaemon
3801,11,2,G,2,Chersomanes
3803,2,2,G,1,Ammomanopsis
3805,13,2,G,6,Certhilauda
3807,3,2,G,2,Pinarocorys
3809,1,2,G,1,Ramphocoris
3811,27,2,G,3,Ammomanes
3813,18,2,G,8,Eremopterix
3815,27,2,G,8,Calendulauda
3817,2,2,G,2,Heteromirafra
3819,93,2,G,24,Mirafra
3821,2,2,G,1,Lullula
3823,17,2,G,7,Spizocorys
3825,26,2,G,4,Alauda
3827,56,2,G,7,Galerida
3829,43,2,G,2,Eremophila
3831,19,2,G,6,Calandrella
3833,8,2,G,5,Melanocorypha
3835,2,2,G,1,Chersophilus
3837,2,2,G,1,Eremalauda
3839,22,2,G,5,Alaudala
3841,1,2,G,1,Nok
3843,4,2,G,2,Spizixos
3845,121,2,G,48,Pycnonotus
3847,16,2,G,12,Arizelocichla
3849,2,2,G,1,Stelgidillas
3851,15,2,G,5,Eurillas
3853,4,2,G,1,Andropadus
3855,1,2,G,1,Calyptocichla
3857,3,2,G,2,Baeopogon
3859,1,2,G,1,Ixonotus
3861,8,2,G,5,Chlorocichla
3863,3,2,G,1,Atimastillas
3865,1,2,G,1,Thescelocichla
3867,35,2,G,20,Phyllastrephus
3869,7,2,G,4,Bleda
3871,8,2,G,5,Criniger
3873,26,2,G,7,Alophoixus
3875,3,2,G,1,Acritillas
3877,1,2,G,1,Setornis
3879,3,2,G,1,Tricholestes
3881,12,2,G,6,Iole
3883,13,2,G,4,Ixos
3885,9,2,G,3,Thapsinillas
3887,9,2,G,3,Hemixos
3889,44,2,G,15,Hypsipetes
3891,1,2,G,1,Cerasophila
3893,1,2,G,1,Neolestes
3895,2,2,G,2,Pseudochelidon
3897,18,2,G,5,Psalidoprocne
3899,2,2,G,1,Pseudhirundo
3901,1,2,G,1,Cheramoeca
3903,3,2,G,2,Phedina
3905,23,2,G,6,Riparia
3907,11,2,G,9,Tachycineta
3909,14,2,G,9,Progne
3911,8,2,G,4,Notiochelidon
3913,2,2,G,1,Haplochelidon
3915,2,2,G,2,Atticora
3917,3,2,G,1,Neochelidon
3919,10,2,G,2,Stelgidopteryx
3921,1,2,G,1,Alopochelidon
3923,34,2,G,15,Hirundo
3925,16,2,G,4,Ptyonoprogne
3927,8,2,G,3,Delichon
3929,27,2,G,9,Cecropis
3931,22,2,G,11,Petrochelidon
3933,12,2,G,5,Pnoepyga
3935,4,2,G,1,Melocichla
3937,4,2,G,1,Sphenoeacus
3939,2,2,G,1,Achaetops
3941,8,2,G,5,Macrosphenus
3943,31,2,G,9,Sylvietta
3945,1,2,G,1,Cryptillas
3947,16,2,G,3,Abroscopus
3949,15,2,G,2,Phyllergates
3951,2,2,G,1,Tickellia
3953,35,2,G,13,Horornis
3955,6,2,G,4,Tesia
3957,11,2,G,4,Cettia
3959,8,2,G,5,Urosphena
3961,8,2,G,1,Scotocerca
3963,7,2,G,3,Erythrocercus
3965,1,2,G,1,Graueria
3967,2,2,G,1,Hylia
3969,4,2,G,1,Pholidornis
3971,34,2,G,10,Aegithalos
3973,6,2,G,2,Leptopoecile
3975,10,2,G,1,Psaltriparus
3977,177,2,G,78,Phylloscopus
3979,9,2,G,6,Nesillas
3981,92,2,G,43,Acrocephalus
3983,2,2,G,1,Arundinax
3985,13,2,G,6,Iduna
3987,2,2,G,1,Calamonastides
3989,4,2,G,4,Hippolais
3991,3,2,G,3,Robsonius
3993,11,2,G,6,Helopsaltes
3995,34,2,G,20,Locustella
3997,12,2,G,5,Poodytes
3999,3,2,G,1,Malia
4001,26,2,G,11,Cincloramphus
4003,3,2,G,1,Megalurus
4005,1,2,G,1,Elaphrornis
4007,2,2,G,2,Schoenicola
4009,2,2,G,1,Catriscus
4011,35,2,G,12,Bradypterus
4013,4,2,G,1,Donacobius
4015,1,2,G,1,Oxylabes
4017,2,2,G,1,Bernieria
4019,1,2,G,1,Cryptosylvicola
4021,1,2,G,1,Hartertula
4023,1,2,G,1,Thamnornis
4025,7,2,G,4,Xanthomixis
4027,1,2,G,1,Crossleyia
4029,1,2,G,1,Randia
4031,9,2,G,3,Neomixis
4033,205,2,G,51,Cisticola
4035,1,2,G,1,Incana
4037,97,2,G,23,Prinia
4039,3,2,G,2,Schistolais
4041,2,2,G,1,Phragmacia
4043,1,2,G,1,Oreophilais
4045,4,2,G,1,Heliolais
4047,2,2,G,2,Micromacronus
4049,3,2,G,1,Urolais
4051,3,2,G,2,Oreolais
4053,1,2,G,1,Drymocichla
4055,1,2,G,1,Spiloptila
4057,1,2,G,1,Phyllolais
4059,75,2,G,24,Apalis
4061,3,2,G,1,Urorhipis
4063,3,2,G,1,Malcorus
4065,1,2,G,1,Hypergerus
4067,1,2,G,1,Eminia
4069,23,2,G,5,Camaroptera
4071,12,2,G,4,Calamonastes
4073,1,2,G,1,Euryptila
4075,3,2,G,2,Bathmocercus
4077,2,2,G,2,Scepomycter
4079,39,2,G,13,Orthotomus
4081,4,2,G,2,Artisornis
4083,3,2,G,1,Poliolais
4085,31,2,G,11,Eremomela
4087,69,2,G,15,Pomatorhinus
4089,14,2,G,8,Spelaeornis
4091,2,2,G,2,Sphenocichla
4093,40,2,G,13,Stachyris
4095,23,2,G,6,Stachyridopsis
4097,3,2,G,1,Dumetia
4099,4,2,G,1,Rhopocichla
4101,31,2,G,6,Macronus
4103,6,2,G,1,Timalia
4105,3,2,G,2,Laticilla
4107,47,2,G,17,Alcippe
4109,6,2,G,3,Ptilocichla
4111,31,2,G,8,Napothera
4113,4,2,G,2,Gampsorhynchus
4115,3,2,G,1,Ptyrticus
4117,21,2,G,7,Illadopsis
4119,3,2,G,2,Jabouilleia
4121,3,2,G,3,Rimator
4123,17,2,G,5,Malacocincla
4125,12,2,G,6,Malacopteron
4127,8,2,G,3,Trichastoma
4129,1,2,G,1,Kenopia
4131,3,2,G,2,Graminicola
4133,49,2,G,8,Pellorneum
4135,5,2,G,1,Grammatoptila
4137,5,2,G,2,Cutia
4139,2,2,G,2,Laniellus
4141,47,2,G,19,Trochalopteron
4143,30,2,G,9,Actinodura
4145,4,2,G,4,Montecincla
4147,4,2,G,1,Minla
4149,6,2,G,1,Leioptila
4151,14,2,G,2,Leiothrix
4153,7,2,G,5,Liocichla
4155,19,2,G,7,Heterophasia
4157,36,2,G,16,Argya
4159,42,2,G,19,Turdoides
4161,35,2,G,16,Garrulax
4163,19,2,G,8,Ianthocincla
4165,49,2,G,23,Pterorhinus
4167,1,2,G,1,Myzornis
4169,1,2,G,1,Parophasma
4171,7,2,G,2,Pseudoalcippe
4173,1,2,G,1,Horizorhinus
4175,1,2,G,1,Lioptilus
4177,71,2,G,28,Sylvia
4179,6,2,G,1,Lioparus
4181,1,2,G,1,Moupinia
4183,21,2,G,8,Fulvetta
4185,6,2,G,2,Chrysomma
4187,2,2,G,2,Rhopophilus
4189,5,2,G,1,Chamaea
4191,1,2,G,1,Conostoma
4193,3,2,G,2,Cholornis
4195,18,2,G,6,Sinosuthora
4197,18,2,G,3,Suthora
4199,3,2,G,1,Neosuthora
4201,2,2,G,1,Chleuasicus
4203,10,2,G,4,Psittiparus
4205,4,2,G,3,Paradoxornis
4207,24,2,G,11,Yuhina
4209,6,2,G,5,Zosterornis
4211,1,2,G,1,Megazosterops
4213,2,2,G,1,Apalopteron
4215,1,2,G,1,Cleptornis
4217,2,2,G,2,Rukia
4219,3,2,G,3,Dasycrotapha
4221,7,2,G,3,Sterrhoptilus
4223,1,2,G,1,Tephrozosterops
4225,17,2,G,6,Lophozosterops
4227,2,2,G,2,Heleia
4229,1,2,G,1,Oculocincta
4231,2,2,G,2,Woodfordia
4233,227,2,G,100,Zosterops
4235,2,2,G,1,Modulatrix
4237,3,2,G,1,Arcanator
4239,1,2,G,1,Kakamega
4241,3,2,G,2,Promerops
4243,10,2,G,2,Irena
4245,28,2,G,6,Regulus
4247,1,2,G,1,Elachura
4249,8,2,G,4,Hyliota
4251,44,2,G,15,Campylorhynchus
4253,3,2,G,2,Odontorchilus
4255,8,2,G,1,Salpinctes
4257,8,2,G,1,Catherpes
4259,2,2,G,2,Hylorchilus
4261,9,2,G,4,Cinnycerthia
4263,36,2,G,5,Cistothorus
4265,15,2,G,1,Thryomanes
4267,1,2,G,1,Ferminia
4269,53,2,G,12,Pheugopedius
4271,17,2,G,5,Thryophilus
4273,31,2,G,12,Cantorchilus
4275,10,2,G,1,Thryothorus
4277,97,2,G,12,Troglodytes
4279,1,2,G,1,Thryorchilus
4281,5,2,G,1,Uropsila
4283,33,2,G,5,Henicorhina
4285,14,2,G,4,Microcerculus
4287,13,2,G,3,Cyphorhinus
4289,12,2,G,2,Microbates
4291,15,2,G,2,Ramphocaenus
4293,42,2,G,15,Polioptila
4295,87,2,G,28,Sitta
4297,2,2,G,1,Tichodroma
4299,42,2,G,9,Certhia
4301,6,2,G,2,Salpornis
4303,1,2,G,1,Dumetella
4305,1,2,G,1,Melanoptila
4307,36,2,G,14,Mimus
4309,1,2,G,1,Oreoscoptes
4311,25,2,G,10,Toxostoma
4313,2,2,G,1,Ramphocinclus
4315,3,2,G,2,Melanotis
4317,5,2,G,1,Allenia
4319,4,2,G,1,Margarops
4321,6,2,G,2,Cinclocerthia
4323,66,2,G,25,Aplonis
4325,7,2,G,3,Mino
4327,4,2,G,4,Basilornis
4329,3,2,G,1,Sarcops
4331,3,2,G,2,Streptocitta
4333,1,2,G,1,Enodes
4335,1,2,G,1,Scissirostrum
4337,1,2,G,1,Saroglossa
4339,1,2,G,1,Ampeliceps
4341,11,2,G,5,Gracula
4343,19,2,G,10,Acridotheres
4345,2,2,G,2,Spodiopsar
4347,6,2,G,2,Gracupica
4349,2,2,G,2,Agropsar
4351,8,2,G,5,Sturnia
4353,1,2,G,1,Sturnornis
4355,1,2,G,1,Leucopsar
4357,1,2,G,1,Fregilupus
4359,1,2,G,1,Necropsar
4361,1,2,G,1,Pastor
4363,14,2,G,2,Sturnus
4365,1,2,G,1,Creatophora
4367,2,2,G,1,Notopholia
4369,2,2,G,2,Hylopsar
4371,36,2,G,23,Lamprotornis
4373,1,2,G,1,Hartlaubius
4375,3,2,G,1,Cinnyricinclus
4377,18,2,G,11,Onychognathus
4379,6,2,G,5,Poeoptera
4381,1,2,G,1,Grafisia
4383,1,2,G,1,Speculipastor
4385,2,2,G,1,Neocichla
4387,7,2,G,3,Rhabdornis
4389,3,2,G,2,Buphagus
4391,4,2,G,2,Neocossyphus
4393,4,2,G,2,Stizorhina
4395,50,2,G,21,Geokichla
4397,31,2,G,21,Zoothera
4399,4,2,G,1,Ixoreus
4401,2,2,G,1,Ridgwayia
4403,4,2,G,1,Cataponera
4405,1,2,G,1,Grandala
4407,14,2,G,3,Sialia
4409,26,2,G,12,Myadestes
4411,4,2,G,1,Cichlopsis
4413,63,2,G,13,Catharus
4415,1,2,G,1,Hylocichla
4417,2,2,G,2,Entomodestes
4419,262,2,G,83,Turdus
4421,4,2,G,4,Cochoa
4423,1,2,G,1,Chlamydochaera
4425,3,2,G,2,Alethe
4427,32,2,G,10,Cercotrichas
4429,35,2,G,12,Copsychus
4431,5,2,G,2,Fraseria
4433,5,2,G,2,Myioparus
4435,42,2,G,12,Melaenornis
4437,1,2,G,1,Empidornis
4439,58,2,G,26,Muscicapa
4441,6,2,G,2,Anthipes
4443,71,2,G,30,Cyornis
4445,13,2,G,6,Niltava
4447,3,2,G,2,Cyanoptila
4449,15,2,G,6,Eumyias
4451,9,2,G,1,Erithacus
4453,14,2,G,4,Chamaetylas
4455,2,2,G,1,Cossyphicula
4457,36,2,G,15,Cossypha
4459,2,2,G,1,Swynnertonia
4461,10,2,G,1,Pogonocichla
4463,8,2,G,1,Stiphrornis
4465,23,2,G,9,Sheppardia
4467,5,2,G,3,Cichladusa
4469,3,2,G,1,Heinrichia
4471,1,2,G,1,Leonardina
4473,2,2,G,1,Heteroxenicus
4475,20,2,G,6,Brachypteryx
4477,4,2,G,4,Vauriella
4479,11,2,G,6,Larvivora
4481,17,2,G,4,Luscinia
4483,1,2,G,1,Irania
4485,9,2,G,5,Calliope
4487,5,2,G,2,Myiomela
4489,3,2,G,2,Sholicola
4491,10,2,G,6,Tarsiger
4493,16,2,G,8,Enicurus
4495,14,2,G,9,Myophonus
4497,2,2,G,1,Cinclidium
4499,73,2,G,33,Ficedula
4501,2,2,G,1,Muscicapella
4503,22,2,G,14,Phoenicurus
4505,23,2,G,13,Monticola
4507,52,2,G,15,Saxicola
4509,1,2,G,1,Campicoloides
4511,12,2,G,3,Emarginata
4513,4,2,G,1,Pinarochroa
4515,9,2,G,2,Thamnolaea
4517,14,2,G,8,Myrmecocichla
4519,65,2,G,28,Oenanthe
4521,1,2,G,1,Pinarornis
4523,1,2,G,1,Namibornis
4525,1,2,G,1,Humblotia
4527,26,2,G,5,Cinclus
4529,27,2,G,11,Chloropsis
4531,14,2,G,6,Prionochilus
4533,129,2,G,42,Dicaeum
4535,11,2,G,1,Chalcoparia
4537,4,2,G,2,Deleornis
4539,34,2,G,14,Anthreptes
4541,12,2,G,4,Hedydipna
4543,3,2,G,3,Anabathmis
4545,1,2,G,1,Dreptes
4547,1,2,G,1,Anthobaphes
4549,30,2,G,7,Cyanomitra
4551,19,2,G,7,Chalcomitra
4553,34,2,G,6,Leptocoma
4555,13,2,G,6,Nectarinia
4557,3,2,G,1,Drepanorhynchus
4559,118,2,G,56,Cinnyris
4561,67,2,G,22,Aethopyga
4563,5,2,G,1,Kurochkinegramma
4565,34,2,G,13,Arachnothera
4567,1,2,G,1,Hypocryptadius
4569,64,2,G,28,Passer
4571,1,2,G,1,Carpospiza
4573,7,2,G,1,Petronia
4575,9,2,G,4,Gymnoris
4577,10,2,G,3,Montifringilla
4579,1,2,G,1,Onychostruthus
4581,8,2,G,4,Pyrgilauda
4583,3,2,G,2,Bubalornis
4585,2,2,G,1,Dinemellia
4587,7,2,G,4,Plocepasser
4589,1,2,G,1,Histurgops
4591,4,2,G,2,Pseudonigrita
4593,1,2,G,1,Philetairus
4595,4,2,G,2,Sporopipes
4597,10,2,G,1,Amblyospiza
4599,122,2,G,64,Ploceus
4601,16,2,G,10,Malimbus
4603,3,2,G,1,Anaplectes
4605,6,2,G,3,Quelea
4607,10,2,G,7,Foudia
4609,1,2,G,1,Brachycope
4611,42,2,G,17,Euplectes
4613,4,2,G,3,Parmoptila
4615,13,2,G,4,Nigrita
4617,4,2,G,3,Nesocharis
4619,13,2,G,5,Pytilia
4621,5,2,G,2,Amadina
4623,4,2,G,1,Mandingoa
4625,8,2,G,4,Cryptospiza
4627,3,2,G,3,Pyrenestes
4629,6,2,G,3,Spermophaga
4631,1,2,G,1,Clytospiza
4633,3,2,G,2,Hypargos
4635,3,2,G,2,Euschistospiza
4637,25,2,G,11,Lagonosticta
4639,10,2,G,5,Uraeginthus
4641,5,2,G,3,Coccopygia
4643,44,2,G,17,Estrilda
4645,6,2,G,3,Amandava
4647,11,2,G,1,Ortygospiza
4649,2,2,G,1,Paludipasser
4651,1,2,G,1,Emblema
4653,5,2,G,3,Stagonopleura
4655,1,2,G,1,Oreostruthus
4657,8,2,G,4,Neochmia
4659,6,2,G,3,Poephila
4661,4,2,G,2,Taeniopygia
4663,32,2,G,13,Erythrura
4665,1,2,G,1,Lepidopygia
4667,3,2,G,2,Euodice
4669,1,2,G,1,Odontospiza
4671,81,2,G,35,Lonchura
4673,1,2,G,1,Heteromunia
4675,26,2,G,19,Vidua
4677,1,2,G,1,Anomalospiza
4679,5,2,G,1,Peucedramus
4681,36,2,G,13,Prunella
4683,1,2,G,1,Dendronanthus
4685,41,2,G,13,Motacilla
4687,1,2,G,1,Tmetothylacus
4689,14,2,G,8,Macronyx
4691,130,2,G,45,Anthus
4693,1,2,G,1,Urocynchramus
4695,19,2,G,4,Fringilla
4697,6,2,G,4,Mycerobas
4699,7,2,G,2,Hesperiphona
4701,6,2,G,1,Coccothraustes
4703,4,2,G,2,Eophona
4705,8,2,G,1,Pinicola
4707,22,2,G,7,Pyrrhula
4709,2,2,G,2,Rhodopechys
4711,5,2,G,2,Bucanetes
4713,1,2,G,1,Agraphospiza
4715,1,2,G,1,Callacanthis
4717,1,2,G,1,Pyrrhoplectes
4719,2,2,G,1,Procarduelis
4721,23,2,G,6,Leucosticte
4723,52,2,G,27,Carpodacus
4725,1,2,G,1,Melamprosops
4727,4,2,G,3,Paroreomyza
4729,1,2,G,1,Oreomystis
4731,2,2,G,2,Telespiza
4733,1,2,G,1,Loxioides
4735,2,2,G,2,Rhodacanthis
4737,1,2,G,1,Chloridops
4739,1,2,G,1,Psittirostra
4741,1,2,G,1,Dysmorodrepanis
4743,3,2,G,3,Drepanis
4745,1,2,G,1,Ciridops
4747,1,2,G,1,Palmeria
4749,2,2,G,2,Himatione
4751,1,2,G,1,Viridonia
4753,4,2,G,4,Akialoa
4755,4,2,G,4,Hemignathus
4757,1,2,G,1,Pseudonestor
4759,1,2,G,1,Magumma
4761,5,2,G,5,Loxops
4763,4,2,G,3,Chlorodrepanis
4765,14,2,G,3,Haemorhous
4767,20,2,G,5,Chloris
4769,1,2,G,1,Rhodospiza
4771,3,2,G,3,Rhynchostruthus
4773,4,2,G,1,Linurgus
4775,81,2,G,37,Crithagra
4777,18,2,G,4,Linaria
4779,5,2,G,3,Acanthis
4781,25,2,G,6,Loxia
4783,5,2,G,1,Chrysocorythus
4785,16,2,G,3,Carduelis
4787,13,2,G,8,Serinus
4789,45,2,G,20,Spinus
4791,67,2,G,27,Euphonia
4793,11,2,G,5,Chlorophonia
4795,1,2,G,1,Rhynchophanes
4797,7,2,G,3,Calcarius
4799,5,2,G,2,Plectrophenax
4801,5,2,G,1,Rhodinocichla
4803,117,2,G,44,Emberiza
4805,1,2,G,1,Calamospiza
4807,15,2,G,4,Passerella
4809,30,2,G,3,Melospiza
4811,36,2,G,5,Zonotrichia
4813,22,2,G,5,Junco
4815,17,2,G,1,Passerculus
4817,36,2,G,9,Ammodramus
4819,1,2,G,1,Xenospiza
4821,2,2,G,1,Spizelloides
4823,15,2,G,6,Spizella
4825,3,2,G,1,Pooecetes
4827,2,2,G,1,Chondestes
4829,11,2,G,2,Amphispiza
4831,4,2,G,2,Artemisiospiza
4833,3,2,G,2,Rhynchospiza
4835,22,2,G,8,Peucaea
4837,25,2,G,3,Aimophila
4839,3,2,G,1,Torreornis
4841,2,2,G,1,Oriturus
4843,32,2,G,5,Pipilo
4845,27,2,G,8,Melozone
4847,17,2,G,4,Arremonops
4849,47,2,G,19,Arremon
4851,1,2,G,1,Pezopetes
4853,65,2,G,31,Atlapetes
4855,2,2,G,2,Pselliophorus
4857,1,2,G,1,Oreothraupis
4859,42,2,G,8,Chlorospingus
4861,4,2,G,2,Calyptophilus
4863,4,2,G,2,Phaenicophilus
4865,2,2,G,1,Microligea
4867,1,2,G,1,Xenoligea
4869,1,2,G,1,Nesospingus
4871,8,2,G,4,Spindalis
4873,1,2,G,1,Zeledonia
4875,3,2,G,2,Teretistris
4877,2,2,G,1,Icteria
4879,1,2,G,1,Xanthocephalus
4881,1,2,G,1,Dolichonyx
4883,18,2,G,2,Sturnella
4885,9,2,G,5,Leistes
4887,3,2,G,1,Amblycercus
4889,1,2,G,1,Cassiculus
4891,21,2,G,9,Psarocolius
4893,18,2,G,12,Cacicus
4895,71,2,G,33,Icterus
4897,1,2,G,1,Nesopsar
4899,28,2,G,5,Agelaius
4901,17,2,G,6,Molothrus
4903,3,2,G,2,Dives
4905,1,2,G,1,Ptiloxena
4907,3,2,G,2,Euphagus
4909,32,2,G,7,Quiscalus
4911,1,2,G,1,Hypopyrrhus
4913,5,2,G,1,Lampropsar
4915,1,2,G,1,Gymnomystax
4917,2,2,G,2,Macroagelaius
4919,3,2,G,1,Curaeus
4921,1,2,G,1,Amblyramphus
4923,1,2,G,1,Anumara
4925,3,2,G,1,Gnorimopsar
4927,1,2,G,1,Oreopsar
4929,3,2,G,2,Agelaioides
4931,8,2,G,3,Agelasticus
4933,4,2,G,2,Chrysomus
4935,1,2,G,1,Xanthopsar
4937,2,2,G,2,Pseudoleistes
4939,3,2,G,1,Seiurus
4941,1,2,G,1,Helmitheros
4943,2,2,G,2,Parkesia
4945,3,2,G,3,Vermivora
4947,1,2,G,1,Mniotilta
4949,1,2,G,1,Protonotaria
4951,1,2,G,1,Limnothlypis
4953,6,2,G,2,Oreothlypis
4955,10,2,G,6,Leiothlypis
4957,1,2,G,1,Leucopeza
4959,1,2,G,1,Oporornis
4961,41,2,G,15,Geothlypis
4963,1,2,G,1,Catharopeza
4965,102,2,G,37,Setophaga
4967,43,2,G,18,Myiothlypis
4969,49,2,G,11,Basileuterus
4971,9,2,G,5,Cardellina
4973,31,2,G,12,Myioborus
4975,4,2,G,2,Mitrospingus
4977,1,2,G,1,Orthogonys
4979,1,2,G,1,Lamprospiza
4981,33,2,G,11,Piranga
4983,26,2,G,5,Habia
4985,7,2,G,4,Chlorothraupis
4987,14,2,G,6,Pheucticus
4989,6,2,G,3,Granatellus
4991,23,2,G,3,Cardinalis
4993,6,2,G,2,Caryothraustes
4995,1,2,G,1,Rhodothraupis
4997,1,2,G,1,Periporphyrus
4999,5,2,G,4,Amaurospiza
5001,1,2,G,1,Spiza
5003,1,2,G,1,Cyanoloxia
5005,13,2,G,4,Cyanocompsa
5007,18,2,G,7,Passerina
5009,1,2,G,1,Orchesticus
5011,1,2,G,1,Gubernatrix
5013,8,2,G,6,Paroaria
5015,8,2,G,2,Schistochlamys
5017,2,2,G,1,Cissopis
5019,2,2,G,2,Conothraupis
5021,1,2,G,1,Compsothraupis
5023,1,2,G,1,Sericossypha
5025,7,2,G,2,Nemosia
5027,2,2,G,2,Creurgops
5029,28,2,G,15,Hemispingus
5031,2,2,G,1,Cnemoscopus
5033,13,2,G,6,Thlypopsis
5035,1,2,G,1,Pyrrhocoma
5037,2,2,G,1,Cypsnagra
5039,1,2,G,1,Nephelornis
5041,1,2,G,1,Trichothraupis
5043,7,2,G,1,Eucometis
5045,24,2,G,8,Tachyphonus
5047,9,2,G,4,Lanio
5049,23,2,G,9,Ramphocelus
5051,37,2,G,9,Thraupis
5053,1,2,G,1,Calochaetes
5055,1,2,G,1,Cyanicterus
5057,7,2,G,6,Bangsia
5059,1,2,G,1,Wetmorethraupis
5061,12,2,G,4,Buthraupis
5063,24,2,G,5,Anisognathus
5065,5,2,G,1,Chlorornis
5067,1,2,G,1,Pseudosaltator
5069,3,2,G,1,Dubusia
5071,1,2,G,1,Delothraupis
5073,1,2,G,1,Stephanophorus
5075,9,2,G,5,Iridosornis
5077,2,2,G,1,Pipraeidea
5079,1,2,G,1,Neothraupis
5081,5,2,G,3,Chlorochrysa
5083,129,2,G,49,Tangara
5085,3,2,G,1,Tersina
5087,19,2,G,10,Dacnis
5089,19,2,G,4,Cyanerpes
5091,7,2,G,1,Chlorophanes
5093,2,2,G,1,Iridophanes
5095,3,2,G,2,Heterospingus
5097,21,2,G,3,Hemithraupis
5099,4,2,G,2,Chrysothlypis
5101,3,2,G,1,Xenodacnis
5103,25,2,G,10,Conirostrum
5105,1,2,G,1,Oreomanes
5107,50,2,G,18,Diglossa
5109,1,2,G,1,Urothraupis
5111,1,2,G,1,Charitospiza
5113,2,2,G,1,Coryphaspiza
5115,6,2,G,2,Coryphospingus
5117,1,2,G,1,Rhodospingus
5119,29,2,G,11,Phrygilus
5121,1,2,G,1,Porphyrospiza
5123,4,2,G,2,Melanodera
5125,4,2,G,2,Haplospiza
5127,1,2,G,1,Acanthidops
5129,2,2,G,2,Lophospingus
5131,1,2,G,1,Donacospiza
5133,1,2,G,1,Rowettia
5135,5,2,G,3,Nesospiza
5137,6,2,G,2,Diuca
5139,1,2,G,1,Idiopsar
5141,1,2,G,1,Piezorina
5143,1,2,G,1,Xenospingus
5145,5,2,G,5,Incaspiza
5147,19,2,G,16,Poospiza
5149,2,2,G,2,Compsospiza
5151,31,2,G,13,Sicalis
5153,7,2,G,3,Emberizoides
5155,5,2,G,2,Embernagra
5157,1,2,G,1,Saltatricula
5159,54,2,G,15,Saltator
5161,3,2,G,1,Volatinia
5163,59,2,G,34,Sporophila
5165,13,2,G,6,Oryzoborus
5167,2,2,G,1,Melopyrrha
5169,1,2,G,1,Dolospingus
5171,14,2,G,3,Catamenia
5173,41,2,G,1,Coereba
5175,19,2,G,5,Tiaris
5177,1,2,G,1,Loxipasser
5179,16,2,G,4,Loxigilla
5181,1,2,G,1,Euneornis
5183,1,2,G,1,Melanospiza
5185,13,2,G,9,Geospiza
5187,1,2,G,1,Platyspiza
5189,10,2,G,5,Camarhynchus
5191,8,2,G,2,Certhidea
5193,1,2,G,1,Pinaroloxias
5195,3,2,G,1,Catamblyrhynchus
5197,1,2,G,1,Parkerthraustes
